dataset,region,policy_issue,rank,weight,issue
SURVEY9,서울,산업/경제,1,5.4,규제혁신
SURVEY9,서울,산업/경제,2,5,채용공정성
SURVEY9,서울,산업/경제,2,5,청년일자리 확대
SURVEY9,서울,산업/경제,3,4.9,청년취업 중소기업 장려
SURVEY9,서울,산업/경제,4,4.8,비정규직 채용공정성
SURVEY9,서울,산업/경제,5,4.5,골목상권 보호
SURVEY9,서울,산업/경제,6,4.2,소상공인·자영업자 생업안전망
SURVEY9,서울,산업/경제,7,4,취약계층 취업지원
SURVEY9,서울,산업/경제,8,3.9,중소벤처기업 지원
SURVEY9,서울,산업/경제,9,3.7,비정규직 제로화
SURVEY9,서울,산업/경제,9,3.7,스타트업도시(메카)
SURVEY9,서울,산업/경제,10,3.5,바이오AI산업
SURVEY9,서울,산업/경제,11,3.3,K푸드 육성
SURVEY9,서울,산업/경제,12,3.2,사회적경제 공제조합 육성
SURVEY9,서울,산업/경제,13,3.1,노사동반성장
SURVEY9,서울,산업/경제,13,3.1,중소기업 재직청년 지원
SURVEY9,서울,산업/경제,13,3.1,사회적경제 인적자원 육성
SURVEY9,서울,산업/경제,14,2.8,여성일자리 확대
SURVEY9,서울,산업/경제,15,2.6,서울캠퍼스타운 활성화
SURVEY9,서울,산업/경제,15,2.6,지역화폐
SURVEY9,서울,도시/지역발전,1,5.4,간선도로 상습정체 해결
SURVEY9,서울,도시/지역발전,2,5.3,수도권 과밀화
SURVEY9,서울,도시/지역발전,3,4.8,신규주택 공급
SURVEY9,서울,도시/지역발전,4,4.4,부동산 투기 근절
SURVEY9,서울,도시/지역발전,5,3.7,강북-강남 균형발전
SURVEY9,서울,도시/지역발전,5,3.7,전국대중교통 통합연계교통망
SURVEY9,서울,도시/지역발전,6,3.6,열차 내 혼잡
SURVEY9,서울,도시/지역발전,7,3.5,지하철 급행노선 확대
SURVEY9,서울,도시/지역발전,8,3.4,지역혁신성장 거점 설립
SURVEY9,서울,도시/지역발전,9,3.3,장기전세주택
SURVEY9,서울,도시/지역발전,9,3.3,재건축·재개발사업
SURVEY9,서울,도시/지역발전,10,3.2,그린서울
SURVEY9,서울,도시/지역발전,11,3.1,전기자동차 충전인프라 확충
SURVEY9,서울,도시/지역발전,12,3,도시외교
SURVEY9,서울,도시/지역발전,12,3,한강센트럴워터파크
SURVEY9,서울,도시/지역발전,13,2.7,남북도시협력
SURVEY9,서울,도시/지역발전,14,2.6,청년맞춤형 주택
SURVEY9,서울,도시/지역발전,15,2.5,강남순환로 요금인하
SURVEY9,서울,도시/지역발전,15,2.5,저소득층 공공임대주택
SURVEY9,서울,도시/지역발전,16,2.4,광역버스 확충
SURVEY9,서울,사회복지/문화/여성가족/건강/보건,1,4,감염병 전문병원 확충
SURVEY9,서울,사회복지/문화/여성가족/건강/보건,2,3.9,생활스포츠 인프라 확충
SURVEY9,서울,사회복지/문화/여성가족/건강/보건,3,3.8,공공산후조리원 확대
SURVEY9,서울,사회복지/문화/여성가족/건강/보건,3,3.8,학교안전
SURVEY9,서울,사회복지/문화/여성가족/건강/보건,4,3.7,공공 장기요양시설
SURVEY9,서울,사회복지/문화/여성가족/건강/보건,4,3.7,육아휴직
SURVEY9,서울,사회복지/문화/여성가족/건강/보건,5,3.6,장기요양서비스
SURVEY9,서울,사회복지/문화/여성가족/건강/보건,6,3.4,가정폭력
SURVEY9,서울,사회복지/문화/여성가족/건강/보건,7,3.3,청소년 유해시설 관리
SURVEY9,서울,사회복지/문화/여성가족/건강/보건,7,3.3,콘텐츠·관광산업 경쟁력 강화
SURVEY9,서울,사회복지/문화/여성가족/건강/보건,8,3.2,1인가구복지
SURVEY9,서울,사회복지/문화/여성가족/건강/보건,8,3.2,취약계층 의료접근성 강화
SURVEY9,서울,사회복지/문화/여성가족/건강/보건,8,3.2,국공립어린이집 확대
SURVEY9,서울,사회복지/문화/여성가족/건강/보건,9,3,여성폭력
SURVEY9,서울,사회복지/문화/여성가족/건강/보건,10,2.9,보건의료인력 확대
SURVEY9,서울,사회복지/문화/여성가족/건강/보건,11,2.8,문화예술계 불공정 근절
SURVEY9,서울,사회복지/문화/여성가족/건강/보건,12,2.6,다문화교육 강화
SURVEY9,서울,사회복지/문화/여성가족/건강/보건,13,2.5,근로자 휴가지원제도 확대
SURVEY9,서울,사회복지/문화/여성가족/건강/보건,13,2.5,체육계 불공정 근절
SURVEY9,서울,사회복지/문화/여성가족/건강/보건,14,2.4,체류정책 개선
SURVEY9,서울,환경/소방/재난안전,1,6.2,재난신속대응
SURVEY9,서울,환경/소방/재난안전,2,6.1,범죄예방
SURVEY9,서울,환경/소방/재난안전,3,6,부실공사방지
SURVEY9,서울,환경/소방/재난안전,4,5.5,소방인력·장비 확충
SURVEY9,서울,환경/소방/재난안전,4,5.5,재활용
SURVEY9,서울,환경/소방/재난안전,5,5.3,상수원보전
SURVEY9,서울,환경/소방/재난안전,6,5,산업재해대책(사회재난)
SURVEY9,서울,환경/소방/재난안전,6,5,안전한 먹거리
SURVEY9,서울,환경/소방/재난안전,7,4.7,도심 물관리 시스템
SURVEY9,서울,환경/소방/재난안전,7,4.7,산업재해대책(자연재난)
SURVEY9,서울,환경/소방/재난안전,8,4.4,친환경자동차
SURVEY9,서울,환경/소방/재난안전,9,4.1,사이버안보
SURVEY9,서울,환경/소방/재난안전,9,4.1,재생에너지
SURVEY9,서울,환경/소방/재난안전,10,4,쓰레기매립지 확보
SURVEY9,서울,환경/소방/재난안전,11,3.9,주민밀착형 치안
SURVEY9,서울,환경/소방/재난안전,12,3.8,탄소중립
SURVEY9,서울,환경/소방/재난안전,13,3.6,미세먼지 배출총량제
SURVEY9,서울,환경/소방/재난안전,13,3.6,전기차보급
SURVEY9,서울,환경/소방/재난안전,14,3.5,음식물쓰레기 처리 간편화
SURVEY9,서울,환경/소방/재난안전,15,3.4,도심하천 국가관리
SURVEY9,서울,정치/행정자치,1,6.5,양성평등 문화 확산
SURVEY9,서울,정치/행정자치,1,6.5,전문성 향상
SURVEY9,서울,정치/행정자치,2,5.6,교육격차 해소
SURVEY9,서울,정치/행정자치,3,5.3,재정독립성
SURVEY9,서울,정치/행정자치,4,5.2,공교육 강화
SURVEY9,서울,정치/행정자치,5,5,자치단체역량 강화
SURVEY9,서울,정치/행정자치,6,4.9,정책역량 강화
SURVEY9,서울,정치/행정자치,7,4.6,주민투표제
SURVEY9,서울,정치/행정자치,8,4.5,주민자치회 직선제
SURVEY9,서울,정치/행정자치,9,3.8,자치구 통폐합
SURVEY9,서울,정치/행정자치,10,3.7,국세 차등 배분
SURVEY9,서울,정치/행정자치,11,3.6,산업별 인력교육 강화
SURVEY9,서울,정치/행정자치,12,3.5,시민입법플랫폼 도입
SURVEY9,서울,정치/행정자치,12,3.5,입법역량 강화
SURVEY9,서울,정치/행정자치,13,3.3,자치분권 확대
SURVEY9,서울,정치/행정자치,13,3.3,행정수도 이전
SURVEY9,서울,정치/행정자치,13,3.3,자치입법권 확대
SURVEY9,서울,정치/행정자치,14,3.2,국가장학금 확대
SURVEY9,서울,정치/행정자치,15,3.1,지방교부세율 현실화
SURVEY9,서울,정치/행정자치,16,2.4,서울 분할
SURVEY9,부산,산업/경제,1,4.6,중년 일자리 확대
SURVEY9,부산,산업/경제,2,3.8,공공형 일자리 발굴
SURVEY9,부산,산업/경제,3,3.7,청년 취창업 확대
SURVEY9,부산,산업/경제,4,3.6,부산테크노밸리 조성
SURVEY9,부산,산업/경제,5,3.3,금융 공공기관 유치
SURVEY9,부산,산업/경제,5,3.3,의료 휴양 관광벨트
SURVEY9,부산,산업/경제,6,3.2,디지털 전문인력 양성
SURVEY9,부산,산업/경제,7,3.1,공공근로 확대
SURVEY9,부산,산업/경제,7,3.1,스마트형 4차 산업 일자리
SURVEY9,부산,산업/경제,8,3,제2센터 도시첨단산업단지
SURVEY9,부산,산업/경제,9,2.9,공공일자리 정보 제공
SURVEY9,부산,산업/경제,9,2.9,해양수산부 이전
SURVEY9,부산,산업/경제,9,2.9,산업은행 이전
SURVEY9,부산,산업/경제,9,2.9,북항 경제자유구역 지정
SURVEY9,부산,산업/경제,10,2.8,문현혁신지구 금융클러스터 확대
SURVEY9,부산,산업/경제,10,2.8,한국해양진흥공사 강화
SURVEY9,부산,산업/경제,10,2.8,스마트 일자리 정보제공
SURVEY9,부산,산업/경제,11,2.7,첨단지능 기계부품 산업단지
SURVEY9,부산,산업/경제,12,2.5,국가스마트 사업
SURVEY9,부산,산업/경제,13,2.3,해운기업 본사 유치
SURVEY9,부산,도시/지역발전,1,5,부동산 가격 안정
SURVEY9,부산,도시/지역발전,2,4.4,유료도료 무료화
SURVEY9,부산,도시/지역발전,3,3.9,도시철도 연장
SURVEY9,부산,도시/지역발전,3,3.9,생활편의시설 확충
SURVEY9,부산,도시/지역발전,3,3.9,동서부산 균형발전
SURVEY9,부산,도시/지역발전,4,3.8,2030 부산 엑스포
SURVEY9,부산,도시/지역발전,5,3.6,가덕신공항 조기 완공
SURVEY9,부산,도시/지역발전,6,3.5,부울경 메가시티
SURVEY9,부산,도시/지역발전,7,3.2,도시철도 신규 건설
SURVEY9,부산,도시/지역발전,8,3.1,전월세 가격 안정
SURVEY9,부산,도시/지역발전,9,2.7,도심 개조
SURVEY9,부산,도시/지역발전,9,2.7,재개발 활성화
SURVEY9,부산,도시/지역발전,10,2.4,경부선 지하화
SURVEY9,부산,도시/지역발전,10,2.4,재건축 규제완화
SURVEY9,부산,도시/지역발전,11,2.3,가덕신공항 공항공사
SURVEY9,부산,도시/지역발전,11,2.3,재건축/재개발 기간 단축
SURVEY9,부산,도시/지역발전,11,2.3,북항재개발
SURVEY9,부산,도시/지역발전,12,2.2,청년 주거 안정
SURVEY9,부산,도시/지역발전,12,2.2,청년주거기금
SURVEY9,부산,도시/지역발전,13,2.1,도시가스 보급 확대
SURVEY9,부산,사회복지/문화/여성가족/건강/보건,1,3.7,대형 대학병원 유치
SURVEY9,부산,사회복지/문화/여성가족/건강/보건,2,3.4,공공요양시설 확대
SURVEY9,부산,사회복지/문화/여성가족/건강/보건,3,3.3,복지사각지대 개선
SURVEY9,부산,사회복지/문화/여성가족/건강/보건,4,3.1,국민체육센터 설립
SURVEY9,부산,사회복지/문화/여성가족/건강/보건,4,3.1,국제영화제 개최 확대
SURVEY9,부산,사회복지/문화/여성가족/건강/보건,5,3,경력단절여성 일자리 창출
SURVEY9,부산,사회복지/문화/여성가족/건강/보건,5,3,마을도서관 건립
SURVEY9,부산,사회복지/문화/여성가족/건강/보건,5,3,돔야구장 건설
SURVEY9,부산,사회복지/문화/여성가족/건강/보건,5,3,국공립 어린이집 확대
SURVEY9,부산,사회복지/문화/여성가족/건강/보건,5,3,교육발전기금 조성
SURVEY9,부산,사회복지/문화/여성가족/건강/보건,6,2.9,생활복지 지원 확대
SURVEY9,부산,사회복지/문화/여성가족/건강/보건,6,2.9,코로나19 회복 지원
SURVEY9,부산,사회복지/문화/여성가족/건강/보건,7,2.8,고교무상급식 활대
SURVEY9,부산,사회복지/문화/여성가족/건강/보건,7,2.8,침례병원 공공병원화
SURVEY9,부산,사회복지/문화/여성가족/건강/보건,7,2.8,아동학대 케어센터 설치
SURVEY9,부산,사회복지/문화/여성가족/건강/보건,7,2.8,서부산의료원 조기 완공
SURVEY9,부산,사회복지/문화/여성가족/건강/보건,7,2.8,권역별 생활체육시설
SURVEY9,부산,사회복지/문화/여성가족/건강/보건,7,2.8,국가 박물관 분원 유치
SURVEY9,부산,사회복지/문화/여성가족/건강/보건,8,2.7,어린이 놀이시설(키즈카페·놀이터) 확충
SURVEY9,부산,사회복지/문화/여성가족/건강/보건,9,2.6,24시간 아동전문병원 설립
SURVEY9,부산,환경/소방/재난안전,1,4.2,노후소방차 교체
SURVEY9,부산,환경/소방/재난안전,1,4.2,안전기준 강화
SURVEY9,부산,환경/소방/재난안전,2,4.1,소방인력 확충
SURVEY9,부산,환경/소방/재난안전,2,4.1,소방차 진입로 확보
SURVEY9,부산,환경/소방/재난안전,3,4,재난대책 강화
SURVEY9,부산,환경/소방/재난안전,4,3.9,재활용품 사용 확대
SURVEY9,부산,환경/소방/재난안전,5,3.8,원전안전 감시체계 강화
SURVEY9,부산,환경/소방/재난안전,5,3.8,초미세먼지 저감대책
SURVEY9,부산,환경/소방/재난안전,6,3.4,UN기념공원 유네스코 세계문화유산 등재
SURVEY9,부산,환경/소방/재난안전,6,3.4,일회용품 저감 대책
SURVEY9,부산,환경/소방/재난안전,6,3.4,쓰레기 재활용 강화
SURVEY9,부산,환경/소방/재난안전,7,3.3,재난물품 사전 비축
SURVEY9,부산,환경/소방/재난안전,8,3.2,쓰레기 줄이기
SURVEY9,부산,환경/소방/재난안전,8,3.2,친환경 버스 확충
SURVEY9,부산,환경/소방/재난안전,9,3.1,대개오염물질 배출시설 규제
SURVEY9,부산,환경/소방/재난안전,9,3.1,삼락생태공원 국가정원화
SURVEY9,부산,환경/소방/재난안전,10,3,금정산 국립공원 지정
SURVEY9,부산,환경/소방/재난안전,10,3,쓰레기 종량제 개선
SURVEY9,부산,환경/소방/재난안전,11,2.9,수질유해물질 배출량 저감
SURVEY9,부산,환경/소방/재난안전,11,2.9,신재생에너지 클러스터 구축
SURVEY9,부산,정치/행정자치,1,9.5,부울경 광역환승할인제 도입
SURVEY9,부산,정치/행정자치,2,8.7,주민자치위원회 활성화
SURVEY9,부산,정치/행정자치,3,8.5,광역교통망 구축
SURVEY9,부산,정치/행정자치,4,7.4,시민행복지수
SURVEY9,부산,정치/행정자치,5,7.3,광역전철화
SURVEY9,부산,정치/행정자치,5,7.3,동해남부선 배차 확대
SURVEY9,부산,정치/행정자치,6,6.8,개방형 감사관제
SURVEY9,부산,정치/행정자치,7,6.5,시민청원제
SURVEY9,부산,정치/행정자치,8,5,경전선 조기 개통
SURVEY9,부산,정치/행정자치,8,5,부울경 GTX 건설
SURVEY9,부산,정치/행정자치,9,4.8,노포-양산 순환 전철
SURVEY9,부산,정치/행정자치,10,4.7,광역 BRT 확대
SURVEY9,부산,정치/행정자치,11,4.1,마을공동체 활성화
SURVEY9,부산,정치/행정자치,12,4,시민정책박람회 개최
SURVEY9,부산,정치/행정자치,13,3.8,단체장 자치회의 정례화
SURVEY9,부산,정치/행정자치,14,3.6,행복영향평가제
SURVEY9,부산,정치/행정자치,15,1.6,고위직 여성 할당제
SURVEY9,부산,정치/행정자치,16,1.3,여성 부시장 신설
SURVEY9,대구,산업/경제,1,5.8,사회적 경제 활성화
SURVEY9,대구,산업/경제,2,4.7,대구국가 스마트 기술산업단지 건설
SURVEY9,대구,산업/경제,3,4.4,지역인재채용
SURVEY9,대구,산업/경제,4,4.2,에너지 신산업 창출
SURVEY9,대구,산업/경제,5,4.1,국가 스마트 기술산단 건설
SURVEY9,대구,산업/경제,6,4,대구경북 미래형 혁신인재 플랫폼 구축
SURVEY9,대구,산업/경제,6,4,코로나 손실보상
SURVEY9,대구,산업/경제,7,3.9,부동산규제(조정대상지역) 완화
SURVEY9,대구,산업/경제,7,3.9,탄소중립 첨단산업단지 조성
SURVEY9,대구,산업/경제,7,3.9,중소영세 자영업자 생계 지원
SURVEY9,대구,산업/경제,8,3.7,대구형 실리콘밸리 조성
SURVEY9,대구,산업/경제,9,3.6,사회적경제 공제조합 육성
SURVEY9,대구,산업/경제,10,3.5,섬유 소재 국산화 지원
SURVEY9,대구,산업/경제,11,3.4,그린섬유소재산업 육성
SURVEY9,대구,산업/경제,11,3.4,스마트 의류 수출 지원
SURVEY9,대구,산업/경제,12,3.1,마을공동체 육성
SURVEY9,대구,산업/경제,13,3,자율주행 모빌리티 복합단지 건설
SURVEY9,대구,산업/경제,13,3,청년고용할당
SURVEY9,대구,산업/경제,14,2.9,5+1 신산업 육성
SURVEY9,대구,산업/경제,14,2.9,중소기업 경영안정 지원
SURVEY9,대구,도시/지역발전,1,6.9,일자리창출
SURVEY9,대구,도시/지역발전,2,5.1,대구 서부권 광역교통망 개선
SURVEY9,대구,도시/지역발전,3,4.8,도시철도 3호선 연장
SURVEY9,대구,도시/지역발전,3,4.8,주거환경개선
SURVEY9,대구,도시/지역발전,4,3.9,대중교통요금체계 개선
SURVEY9,대구,도시/지역발전,5,3.8,디지털 데이터산업 거점도시 조성
SURVEY9,대구,도시/지역발전,6,3.7,KTX 대구 도심구간 철도 지하화
SURVEY9,대구,도시/지역발전,6,3.7,복합환승센터 건설
SURVEY9,대구,도시/지역발전,6,3.7,도심 공동화 방지
SURVEY9,대구,도시/지역발전,7,3.5,대구경북 신공항 추진
SURVEY9,대구,도시/지역발전,7,3.5,"재개발,재건축 활성화"
SURVEY9,대구,도시/지역발전,8,3.3,노후산단 인프라 개선
SURVEY9,대구,도시/지역발전,8,3.3,대구-광주 달빛고속철도 착공
SURVEY9,대구,도시/지역발전,9,3.2,K-2 군공항 이전
SURVEY9,대구,도시/지역발전,9,3.2,공공주택 건설
SURVEY9,대구,도시/지역발전,10,3.1,성서산업단지 재생
SURVEY9,대구,도시/지역발전,11,3,생활인구확대
SURVEY9,대구,도시/지역발전,12,2.9,청년인구유입
SURVEY9,대구,도시/지역발전,13,2.8,서대구역 역세권 개발
SURVEY9,대구,도시/지역발전,14,2.6,구도심 재생
SURVEY9,대구,사회복지/문화/여성가족/건강/보건,1,5.7,국공립어린이집 확대
SURVEY9,대구,사회복지/문화/여성가족/건강/보건,2,5,노인전문병원 및 치매병원 설치
SURVEY9,대구,사회복지/문화/여성가족/건강/보건,3,4.7,생활스포츠 인프라확충
SURVEY9,대구,사회복지/문화/여성가족/건강/보건,4,4.2,공공의료 불균형 해소
SURVEY9,대구,사회복지/문화/여성가족/건강/보건,4,4.2,지역의료보건체계 구축
SURVEY9,대구,사회복지/문화/여성가족/건강/보건,5,4,K-컨텐츠산업 진흥
SURVEY9,대구,사회복지/문화/여성가족/건강/보건,6,3.8,K-관광컨텐츠 개발
SURVEY9,대구,사회복지/문화/여성가족/건강/보건,6,3.8,지역건강 돌봄시스템 구축
SURVEY9,대구,사회복지/문화/여성가족/건강/보건,6,3.8,장애인일자리확대
SURVEY9,대구,사회복지/문화/여성가족/건강/보건,6,3.8,달성토성 복원
SURVEY9,대구,사회복지/문화/여성가족/건강/보건,7,3.6,노인생활체육
SURVEY9,대구,사회복지/문화/여성가족/건강/보건,7,3.6,육아 기본수당 확대
SURVEY9,대구,사회복지/문화/여성가족/건강/보건,7,3.6,무료예방접종 도입
SURVEY9,대구,사회복지/문화/여성가족/건강/보건,8,3.5,제2 대구의료원 설립
SURVEY9,대구,사회복지/문화/여성가족/건강/보건,9,3.4,감염병전문병원 개원
SURVEY9,대구,사회복지/문화/여성가족/건강/보건,10,3.3,공공산후조리원 설립
SURVEY9,대구,사회복지/문화/여성가족/건강/보건,10,3.3,저상버스 보급 확대
SURVEY9,대구,사회복지/문화/여성가족/건강/보건,11,3.2,평생교육
SURVEY9,대구,사회복지/문화/여성가족/건강/보건,12,3.1,분만인프라 구축
SURVEY9,대구,사회복지/문화/여성가족/건강/보건,13,3,장애인복지지설 확대
SURVEY9,대구,환경/소방/재난안전,1,5.6,미세먼지 저감
SURVEY9,대구,환경/소방/재난안전,2,4.9,CCTV 설치
SURVEY9,대구,환경/소방/재난안전,3,4.7,소방공무원 근무여건 개선
SURVEY9,대구,환경/소방/재난안전,4,4.4,폭염 대응체계 구축
SURVEY9,대구,환경/소방/재난안전,5,4.3,낙동강통합물관리방안 이행
SURVEY9,대구,환경/소방/재난안전,5,4.3,폐기물 재활용 활성화
SURVEY9,대구,환경/소방/재난안전,6,4.2,미세플라스틱 저감
SURVEY9,대구,환경/소방/재난안전,7,4.1,여성안심귀가서비스
SURVEY9,대구,환경/소방/재난안전,8,4,금호강 수변문화공간 조성
SURVEY9,대구,환경/소방/재난안전,9,3.8,K-2 후적지 문화수변도시 조성
SURVEY9,대구,환경/소방/재난안전,9,3.8,지역하천 재자연화
SURVEY9,대구,환경/소방/재난안전,9,3.8,소방인프라(소방헬기) 확대
SURVEY9,대구,환경/소방/재난안전,9,3.8,설치폐기물 처리시설 확충
SURVEY9,대구,환경/소방/재난안전,10,3.7,노후 산업단지 악취저감시설
SURVEY9,대구,환경/소방/재난안전,10,3.7,취수원 다변화
SURVEY9,대구,환경/소방/재난안전,10,3.7,저공해차 보급확대
SURVEY9,대구,환경/소방/재난안전,10,3.7,수질유해물질 배출량 저감
SURVEY9,대구,환경/소방/재난안전,10,3.7,빅데이터 기반 재난 정보시스템
SURVEY9,대구,환경/소방/재난안전,11,3.4,재난피해 예방시설 확충
SURVEY9,대구,환경/소방/재난안전,11,3.4,하폐수처리장 통합지하화
SURVEY9,대구,정치/행정자치,1,17.4,대구경북 글로벌 메가시티 건설
SURVEY9,대구,정치/행정자치,2,15,지방정부 재정자립성
SURVEY9,대구,정치/행정자치,3,11.6,대구경북 행정통합
SURVEY9,대구,정치/행정자치,4,10,공공기관이전
SURVEY9,대구,정치/행정자치,5,8.9,공공기관 지역인재 의무채용
SURVEY9,대구,정치/행정자치,6,8.6,대구경북 경제과학연구소 설립
SURVEY9,대구,정치/행정자치,7,8,지방대학 지원
SURVEY9,대구,정치/행정자치,8,7.5,지방의회 역량강화
SURVEY9,대구,정치/행정자치,9,6.8,대구시청 이전
SURVEY9,대구,정치/행정자치,10,6.2,청년특별시
SURVEY9,인천,산업/경제,1,5.1,인천e음카드
SURVEY9,인천,산업/경제,2,4.4,취약계층 취업지원
SURVEY9,인천,산업/경제,3,4,인천 내 청년 창업공단 유치
SURVEY9,인천,산업/경제,3,4,청년취업 중소기업 장려
SURVEY9,인천,산업/경제,4,3.7,채용공정성
SURVEY9,인천,산업/경제,5,3.5,공공부문 비정규직 정규직 전환
SURVEY9,인천,산업/경제,6,3.4,국제기구 송도유치
SURVEY9,인천,산업/경제,6,3.4,지역발전기금 조성
SURVEY9,인천,산업/경제,6,3.4,중소기업 재직청년 지원
SURVEY9,인천,산업/경제,6,3.4,인천경제자유구역
SURVEY9,인천,산업/경제,7,3.3,비정규직센터 설립
SURVEY9,인천,산업/경제,7,3.3,스마트그린산업단지
SURVEY9,인천,산업/경제,8,3.2,송도 바이오클러스터 조성
SURVEY9,인천,산업/경제,9,3.1,미래형 스마트 전통시장
SURVEY9,인천,산업/경제,9,3.1,여성일자리 확충
SURVEY9,인천,산업/경제,9,3.1,수소산업
SURVEY9,인천,산업/경제,10,2.8,노사동반성장
SURVEY9,인천,산업/경제,10,2.8,사회적경제 인적자원 육성
SURVEY9,인천,산업/경제,11,2.7,GM문제 해결(인천자동차산업진흥원 설립)
SURVEY9,인천,산업/경제,11,2.7,플랫폼노동자 노동권보장
SURVEY9,인천,도시/지역발전,1,4.4,인천-김포공합 통합
SURVEY9,인천,도시/지역발전,2,4.1,경인고속도로 통행료 폐지
SURVEY9,인천,도시/지역발전,3,3.7,GTX 신설
SURVEY9,인천,도시/지역발전,3,3.7,경인선·경인고속도로 지하화
SURVEY9,인천,도시/지역발전,4,3.6,미군 반환부지(캠프마켓) 활용
SURVEY9,인천,도시/지역발전,4,3.6,서해5도 종합발전계획 시행
SURVEY9,인천,도시/지역발전,5,3.4,공적임대주택
SURVEY9,인천,도시/지역발전,5,3.4,초과이익환수
SURVEY9,인천,도시/지역발전,6,3.2,부동산 규제완화
SURVEY9,인천,도시/지역발전,6,3.2,인천신항 철도인입선 구축
SURVEY9,인천,도시/지역발전,7,3.1,1~2인가구맞춤형 주거 공급
SURVEY9,인천,도시/지역발전,7,3.1,해양관광벨트 구축
SURVEY9,인천,도시/지역발전,7,3.1,원도심 재생
SURVEY9,인천,도시/지역발전,8,2.9,광역급행버스 확충
SURVEY9,인천,도시/지역발전,8,2.9,인천 내항 재생
SURVEY9,인천,도시/지역발전,8,2.9,아라뱃길 수변-레져공간화
SURVEY9,인천,도시/지역발전,9,2.8,3기 신도시 인프라 확충
SURVEY9,인천,도시/지역발전,9,2.8,수도권 제2외곽순환도로 구간확대
SURVEY9,인천,도시/지역발전,10,2.7,도심 항공 모빌리티(UAM) 실증도시 조성
SURVEY9,인천,도시/지역발전,11,2.6,계양-서울 서북권 광역도로건설
SURVEY9,인천,사회복지/문화/여성가족/건강/보건,1,4.3,국립대학병원 유치
SURVEY9,인천,사회복지/문화/여성가족/건강/보건,2,4.2,국공립어린이집 확대
SURVEY9,인천,사회복지/문화/여성가족/건강/보건,3,4,생활스포츠 인프라 확충
SURVEY9,인천,사회복지/문화/여성가족/건강/보건,4,3.8,통합돌봄
SURVEY9,인천,사회복지/문화/여성가족/건강/보건,5,3.6,감염병 전문병원 확충
SURVEY9,인천,사회복지/문화/여성가족/건강/보건,6,3.3,근로자 휴가지원제도 확대
SURVEY9,인천,사회복지/문화/여성가족/건강/보건,7,3.2,시립 공공요양원
SURVEY9,인천,사회복지/문화/여성가족/건강/보건,8,3.1,공공산후조리원 확대
SURVEY9,인천,사회복지/문화/여성가족/건강/보건,8,3.1,성별임금격차 해소
SURVEY9,인천,사회복지/문화/여성가족/건강/보건,9,3,아이돌봄서비스 확충
SURVEY9,인천,사회복지/문화/여성가족/건강/보건,10,2.9,육아휴직
SURVEY9,인천,사회복지/문화/여성가족/건강/보건,10,2.9,코로나19 피해지원
SURVEY9,인천,사회복지/문화/여성가족/건강/보건,11,2.8,기술 기반 어르신 돌봄
SURVEY9,인천,사회복지/문화/여성가족/건강/보건,11,2.8,방문간호사
SURVEY9,인천,사회복지/문화/여성가족/건강/보건,11,2.8,무상교육
SURVEY9,인천,사회복지/문화/여성가족/건강/보건,12,2.7,감염병연구기관 설립
SURVEY9,인천,사회복지/문화/여성가족/건강/보건,12,2.7,지역체육 공동체화
SURVEY9,인천,사회복지/문화/여성가족/건강/보건,12,2.7,다문화교육 강화
SURVEY9,인천,사회복지/문화/여성가족/건강/보건,13,2.5,저상형 시내버스 확충
SURVEY9,인천,사회복지/문화/여성가족/건강/보건,14,2.4,체육계 불공정 근절
SURVEY9,인천,환경/소방/재난안전,1,6.3,부실공사방지
SURVEY9,인천,환경/소방/재난안전,2,5.4,재난신속대응
SURVEY9,인천,환경/소방/재난안전,3,4.7,미세먼지 종합대책
SURVEY9,인천,환경/소방/재난안전,3,4.7,음식물쓰레기 처리 간편화
SURVEY9,인천,환경/소방/재난안전,3,4.7,쓰레기매립지 확보
SURVEY9,인천,환경/소방/재난안전,4,4.5,산업재해대책(사회재난)
SURVEY9,인천,환경/소방/재난안전,4,4.5,소방인력·장비 확충
SURVEY9,인천,환경/소방/재난안전,5,4.4,산업재해대책(자연재난)
SURVEY9,인천,환경/소방/재난안전,5,4.4,폐기물 처리
SURVEY9,인천,환경/소방/재난안전,6,4.3,물관리 시스템
SURVEY9,인천,환경/소방/재난안전,7,4.2,빅데이터재난안전센터
SURVEY9,인천,환경/소방/재난안전,7,4.2,해양쓰레기 관리체제 도입
SURVEY9,인천,환경/소방/재난안전,7,4.2,친환경자동차
SURVEY9,인천,환경/소방/재난안전,8,4,탄소중립
SURVEY9,인천,환경/소방/재난안전,9,3.9,시민 안전보험제도
SURVEY9,인천,환경/소방/재난안전,10,3.7,지역 재생에너지산업 육성
SURVEY9,인천,환경/소방/재난안전,11,3.6,재활용품 공공기관 의무구매
SURVEY9,인천,환경/소방/재난안전,12,3.5,재난트라우마센터
SURVEY9,인천,환경/소방/재난안전,12,3.5,전기차보급
SURVEY9,인천,환경/소방/재난안전,12,3.5,전기차 보급
SURVEY9,인천,정치/행정자치,1,6.5,전문성 향상
SURVEY9,인천,정치/행정자치,2,5.8,자치단체역량 강화
SURVEY9,인천,정치/행정자치,3,5.7,정책역량 강화
SURVEY9,인천,정치/행정자치,4,5.3,재정독립성
SURVEY9,인천,정치/행정자치,5,5.2,주민자치회 직선제
SURVEY9,인천,정치/행정자치,6,5,공교육 강화
SURVEY9,인천,정치/행정자치,6,5,주민투표제
SURVEY9,인천,정치/행정자치,6,5,양성평등 문화 확산
SURVEY9,인천,정치/행정자치,7,4.3,교육격차 해소
SURVEY9,인천,정치/행정자치,8,4.1,국세 차등 배분
SURVEY9,인천,정치/행정자치,8,4.1,자치입법권 확대
SURVEY9,인천,정치/행정자치,9,3.8,산업별 인력교육 강화
SURVEY9,인천,정치/행정자치,9,3.8,인천지방법원
SURVEY9,인천,정치/행정자치,10,3.5,여성정책 강화
SURVEY9,인천,정치/행정자치,11,3.4,지방교부세율 현실화
SURVEY9,인천,정치/행정자치,12,3.3,시민입법플랫폼 도입
SURVEY9,인천,정치/행정자치,12,3.3,입법역량 강화
SURVEY9,인천,정치/행정자치,13,3.2,국가장학금 확대
SURVEY9,인천,정치/행정자치,14,3,인천시청공간 확보
SURVEY9,인천,정치/행정자치,15,2.9,자치분권 확대
SURVEY9,광주,산업/경제,1,5.5,광주형일자리사업확대
SURVEY9,광주,산업/경제,2,4.5,그린수소생산기지구축
SURVEY9,광주,산업/경제,3,4.4,청년일자리확대
SURVEY9,광주,산업/경제,4,4.3,대기업유치
SURVEY9,광주,산업/경제,4,4.3,사회적경제지원
SURVEY9,광주,산업/경제,5,4.2,광주형일자리복지프로그램확충
SURVEY9,광주,산업/경제,5,4.2,자동차소재부품장비산업육성
SURVEY9,광주,산업/경제,6,4,데이터센터유치
SURVEY9,광주,산업/경제,6,4,지역인재채용
SURVEY9,광주,산업/경제,7,3.8,미래차전환부품기업지원
SURVEY9,광주,산업/경제,7,3.8,인공지능클러스터조성
SURVEY9,광주,산업/경제,8,3.6,미래모빌리티산업단지조성
SURVEY9,광주,산업/경제,9,3.2,광주자동차산업밸리조성
SURVEY9,광주,산업/경제,9,3.2,인공지능연구원건립
SURVEY9,광주,산업/경제,9,3.2,에너지고속도로건설
SURVEY9,광주,산업/경제,10,3.1,미래차관련기업유치
SURVEY9,광주,산업/경제,10,3.1,창업여건개선
SURVEY9,광주,산업/경제,11,3,여성일자리확충
SURVEY9,광주,산업/경제,12,2.9,에너지밸리조성
SURVEY9,광주,산업/경제,13,2.7,스타트업클러스터조성
SURVEY9,광주,도시/지역발전,1,7.9,일자리창출
SURVEY9,광주,도시/지역발전,2,5.8,주거환경개선
SURVEY9,광주,도시/지역발전,3,5.5,광주군공항이전
SURVEY9,광주,도시/지역발전,4,5.3,교통혼잡개선
SURVEY9,광주,도시/지역발전,5,5.1,광주형평생주택
SURVEY9,광주,도시/지역발전,6,4.7,지역특성에 맞는 경관형성
SURVEY9,광주,도시/지역발전,7,4.6,복합환승센터구축
SURVEY9,광주,도시/지역발전,8,4.4,복합쇼핑몰건설
SURVEY9,광주,도시/지역발전,9,3.8,재개발 및 재건축
SURVEY9,광주,도시/지역발전,10,3.6,광주-나주광역철도
SURVEY9,광주,도시/지역발전,10,3.6,송정역개발
SURVEY9,광주,도시/지역발전,10,3.6,달빛고속철도
SURVEY9,광주,도시/지역발전,10,3.6,광주-영암속도무제한고속도로
SURVEY9,광주,도시/지역발전,11,3.5,광주-화순도시철도확충
SURVEY9,광주,도시/지역발전,12,3.4,부동산투기엄단
SURVEY9,광주,도시/지역발전,13,3.2,청년인구유입
SURVEY9,광주,도시/지역발전,14,3.1,무안국제공항통합
SURVEY9,광주,도시/지역발전,14,3.1,생활인구확대
SURVEY9,광주,도시/지역발전,15,3,랜드마크 건설
SURVEY9,광주,도시/지역발전,16,2.9,자연경관 보전
SURVEY9,광주,사회복지/문화/여성가족/건강/보건,1,5.1,광주광역시의료원 건립
SURVEY9,광주,사회복지/문화/여성가족/건강/보건,2,4.6,돌봄인프라구축
SURVEY9,광주,사회복지/문화/여성가족/건강/보건,3,4.3,복지안전망 확대
SURVEY9,광주,사회복지/문화/여성가족/건강/보건,4,4.1,경력단절여성 지원
SURVEY9,광주,사회복지/문화/여성가족/건강/보건,5,4,아시아문화중심도시사업
SURVEY9,광주,사회복지/문화/여성가족/건강/보건,6,3.9,국공립어린이집확충
SURVEY9,광주,사회복지/문화/여성가족/건강/보건,7,3.8,스마트관광도시조성
SURVEY9,광주,사회복지/문화/여성가족/건강/보건,8,3.7,노인전문병원 및 치매병원 설치
SURVEY9,광주,사회복지/문화/여성가족/건강/보건,8,3.7,일상회복지원금
SURVEY9,광주,사회복지/문화/여성가족/건강/보건,9,3.4,청소년시설확충
SURVEY9,광주,사회복지/문화/여성가족/건강/보건,10,3.2,광주비엔날레
SURVEY9,광주,사회복지/문화/여성가족/건강/보건,10,3.2,생활체육시설 확충
SURVEY9,광주,사회복지/문화/여성가족/건강/보건,11,3,생활체육 활성화
SURVEY9,광주,사회복지/문화/여성가족/건강/보건,12,2.9,감염병전문병원 건립
SURVEY9,광주,사회복지/문화/여성가족/건강/보건,12,2.9,디지털콘텐츠밸리 조성
SURVEY9,광주,사회복지/문화/여성가족/건강/보건,13,2.7,인공지능영재고건립
SURVEY9,광주,사회복지/문화/여성가족/건강/보건,13,2.7,한부모가족지원
SURVEY9,광주,사회복지/문화/여성가족/건강/보건,13,2.7,코로나 취약계층 지원
SURVEY9,광주,사회복지/문화/여성가족/건강/보건,14,2.6,예술관광활성화
SURVEY9,광주,사회복지/문화/여성가족/건강/보건,15,2.5,성인지 예산 및 교육 확충
SURVEY9,광주,환경/소방/재난안전,1,5.7,생태숲조성
SURVEY9,광주,환경/소방/재난안전,2,5.2,재활용품 분리배출 및 수거 개선
SURVEY9,광주,환경/소방/재난안전,3,5.1,도심공원조성
SURVEY9,광주,환경/소방/재난안전,3,5.1,부실공사방지
SURVEY9,광주,환경/소방/재난안전,4,4.9,상수원 수질관리
SURVEY9,광주,환경/소방/재난안전,5,4.7,교통재난예방
SURVEY9,광주,환경/소방/재난안전,6,4.4,무등산 난개발방지
SURVEY9,광주,환경/소방/재난안전,6,4.4,환경산업 생태계조성
SURVEY9,광주,환경/소방/재난안전,7,4.2,신재생에너지보급확대
SURVEY9,광주,환경/소방/재난안전,7,4.2,폐기물단속강화
SURVEY9,광주,환경/소방/재난안전,8,4.1,상습침수피해 예방
SURVEY9,광주,환경/소방/재난안전,9,4,스마트재난안전관리시스템구축
SURVEY9,광주,환경/소방/재난안전,10,3.9,마을하수도정비
SURVEY9,광주,환경/소방/재난안전,11,3.4,친환경자동차보급
SURVEY9,광주,환경/소방/재난안전,12,3.3,광주시민안전보험
SURVEY9,광주,환경/소방/재난안전,12,3.3,한파 및 폭염 대응체계 구축
SURVEY9,광주,환경/소방/재난안전,12,3.3,지하수보전 및 관리
SURVEY9,광주,환경/소방/재난안전,12,3.3,국제안전도시 재공인 추진
SURVEY9,광주,환경/소방/재난안전,13,3.1,공공분야 환경제품 구매율 향상
SURVEY9,광주,환경/소방/재난안전,13,3.1,급경사지 안전관리
SURVEY9,광주,정치/행정자치,1,14,시민참여형 도시계획 수립
SURVEY9,광주,정치/행정자치,2,12.7,빛고을스마트메가시티
SURVEY9,광주,정치/행정자치,3,11.9,5.18진상규명
SURVEY9,광주,정치/행정자치,4,10.3,세계인권도시포럼
SURVEY9,광주,정치/행정자치,5,10,인권교육활성화
SURVEY9,광주,정치/행정자치,6,9.5,광주-전남 통합
SURVEY9,광주,정치/행정자치,7,7.9,민주인권기념파크조성
SURVEY9,광주,정치/행정자치,8,6.4,민주인권연구원건립
SURVEY9,광주,정치/행정자치,9,5.6,시민사회단체지원
SURVEY9,광주,정치/행정자치,10,5.2,혁신도시 지원
SURVEY9,광주,정치/행정자치,11,4.2,국립트라우마치유센터건립
SURVEY9,광주,정치/행정자치,12,2.3,자원봉사센터 지원
SURVEY9,대전,산업/경제,1,5.9,대전 지역화폐 온통대전 확대
SURVEY9,대전,산업/경제,2,5.5,온통대전(지역화폐) 활성화
SURVEY9,대전,산업/경제,3,5.3,지역인재채용
SURVEY9,대전,산업/경제,4,5.1,대전산업단지 고도화
SURVEY9,대전,산업/경제,5,4.3,바이오 제조 혁신기반 조성
SURVEY9,대전,산업/경제,5,4.3,방산기술 사업화
SURVEY9,대전,산업/경제,6,4.2,중소영세 자영업자 생계 지원
SURVEY9,대전,산업/경제,6,4.2,충청권 첨단 신기술단지 조성
SURVEY9,대전,산업/경제,7,3.9,대덕특구 재창조
SURVEY9,대전,산업/경제,8,3.8,대전산단 대개조 추진
SURVEY9,대전,산업/경제,9,3.4,소상공인 전문 연수원 건립
SURVEY9,대전,산업/경제,10,3.3,1인 가구 지원
SURVEY9,대전,산업/경제,11,3.2,바이오 창업 육성
SURVEY9,대전,산업/경제,11,3.2,청년고용할당
SURVEY9,대전,산업/경제,12,3,우주국방중소벤처진흥원 설립
SURVEY9,대전,산업/경제,12,3,충청권 지역은행 설립
SURVEY9,대전,산업/경제,13,2.9,방위산업 패러다임 전환
SURVEY9,대전,산업/경제,13,2.9,신기술판로개척 지원
SURVEY9,대전,산업/경제,14,2.8,코로나 손실보상
SURVEY9,대전,산업/경제,15,2.6,사회적기업 제품 전시 및 공동판매장 설치
SURVEY9,대전,도시/지역발전,1,5.7,일자리창출
SURVEY9,대전,도시/지역발전,2,5.6,주거환경개선
SURVEY9,대전,도시/지역발전,3,5.3,도시철도2호선 건설
SURVEY9,대전,도시/지역발전,4,4.1,대전 원도심 개발
SURVEY9,대전,도시/지역발전,5,3.7,도시발전 디딤돌 사업 추진
SURVEY9,대전,도시/지역발전,6,3.6,도로 연결망 구축
SURVEY9,대전,도시/지역발전,7,3.5,공공주택 건설
SURVEY9,대전,도시/지역발전,7,3.5,우주국방 혁신클러스터 구축
SURVEY9,대전,도시/지역발전,8,3.4,외곽순환도로 건설
SURVEY9,대전,도시/지역발전,8,3.4,초광역 철도 구축
SURVEY9,대전,도시/지역발전,9,3.3,도시철도 3호선 확충
SURVEY9,대전,도시/지역발전,9,3.3,도심구간 철도 지하화
SURVEY9,대전,도시/지역발전,10,3.2,서대전네거리 복합 교통환승센터 구축
SURVEY9,대전,도시/지역발전,11,3.1,"재개발,재건축 활성화"
SURVEY9,대전,도시/지역발전,12,2.9,경부호남선 철도 지하화
SURVEY9,대전,도시/지역발전,12,2.9,전통시장 시설 현대화
SURVEY9,대전,도시/지역발전,12,2.9,대전 역세권 개발
SURVEY9,대전,도시/지역발전,13,2.8,과학수도 지정
SURVEY9,대전,도시/지역발전,13,2.8,서대전역 상권 활성화
SURVEY9,대전,도시/지역발전,13,2.8,생활인구확대
SURVEY9,대전,사회복지/문화/여성가족/건강/보건,1,6,국공립어린이집 확대
SURVEY9,대전,사회복지/문화/여성가족/건강/보건,2,5.1,노인전문병원 및 치매병원 설치
SURVEY9,대전,사회복지/문화/여성가족/건강/보건,3,5,대전의료원 건립
SURVEY9,대전,사회복지/문화/여성가족/건강/보건,4,4.8,지역의료보건체계 구축
SURVEY9,대전,사회복지/문화/여성가족/건강/보건,5,4.4,대청호 주변지역 활성화
SURVEY9,대전,사회복지/문화/여성가족/건강/보건,6,4.3,육아 기본수당 확대
SURVEY9,대전,사회복지/문화/여성가족/건강/보건,7,4.1,공공의료 불균형 해소
SURVEY9,대전,사회복지/문화/여성가족/건강/보건,7,4.1,장애인일자리확대
SURVEY9,대전,사회복지/문화/여성가족/건강/보건,7,4.1,보문산 개발
SURVEY9,대전,사회복지/문화/여성가족/건강/보건,8,3.9,저상버스 보급 확대
SURVEY9,대전,사회복지/문화/여성가족/건강/보건,9,3.7,융복합 특수영상 콘텐츠 클러스터 조성
SURVEY9,대전,사회복지/문화/여성가족/건강/보건,10,3.6,무료예방접종 도입
SURVEY9,대전,사회복지/문화/여성가족/건강/보건,10,3.6,생리대지원
SURVEY9,대전,사회복지/문화/여성가족/건강/보건,11,3.4,국립현대미술관 대전관 조성
SURVEY9,대전,사회복지/문화/여성가족/건강/보건,12,3.3,지역건강 돌봄시스템 구축
SURVEY9,대전,사회복지/문화/여성가족/건강/보건,13,3.2,중부권 메가스포츠 콤플렉스 조성
SURVEY9,대전,사회복지/문화/여성가족/건강/보건,14,3.1,공공산후조리원 설립
SURVEY9,대전,사회복지/문화/여성가족/건강/보건,14,3.1,베이스볼 드림파크 조성
SURVEY9,대전,사회복지/문화/여성가족/건강/보건,15,3,장애인복지지설 확대
SURVEY9,대전,사회복지/문화/여성가족/건강/보건,16,2.6,무상아침급식
SURVEY9,대전,환경/소방/재난안전,1,5.7,폐기물 처리시설 확충
SURVEY9,대전,환경/소방/재난안전,2,5.2,CCTV 설치
SURVEY9,대전,환경/소방/재난안전,3,5.1,재난피해 예방시설 확충
SURVEY9,대전,환경/소방/재난안전,4,5,소방공무원 근무여건 개선
SURVEY9,대전,환경/소방/재난안전,5,4.7,도시숲 공원 조성
SURVEY9,대전,환경/소방/재난안전,6,4.3,신재생 에너지 사용 확대
SURVEY9,대전,환경/소방/재난안전,6,4.3,여성안심귀가서비스
SURVEY9,대전,환경/소방/재난안전,7,4.2,노후 도심공원 개발
SURVEY9,대전,환경/소방/재난안전,7,4.2,미세먼지 저감
SURVEY9,대전,환경/소방/재난안전,8,4,하수처리장 증설 및 개량
SURVEY9,대전,환경/소방/재난안전,9,3.9,빅데이터 기반 재난 정보시스템
SURVEY9,대전,환경/소방/재난안전,9,3.9,수질유해물질 배출량 저감
SURVEY9,대전,환경/소방/재난안전,9,3.9,소방인프라(소방헬기) 확대
SURVEY9,대전,환경/소방/재난안전,10,3.7,미세플라스틱 저감
SURVEY9,대전,환경/소방/재난안전,10,3.7,중부권 그린뉴딜 추진
SURVEY9,대전,환경/소방/재난안전,11,3.6,저공해차 보급확대
SURVEY9,대전,환경/소방/재난안전,11,3.6,힐링 숲 조성
SURVEY9,대전,환경/소방/재난안전,11,3.6,폐기물 재활용 활성화
SURVEY9,대전,환경/소방/재난안전,12,3.3,탄소중립 이행체계 구축
SURVEY9,대전,환경/소방/재난안전,13,3.2,업사이클 지원
SURVEY9,대전,정치/행정자치,1,12.1,지방정부 재정자립도 강화
SURVEY9,대전,정치/행정자치,2,11.9,공공기관 지역인재 의무채용
SURVEY9,대전,정치/행정자치,3,8.7,대전 혁신도시 지정
SURVEY9,대전,정치/행정자치,4,8.1,제2 대덕연구단지 조성
SURVEY9,대전,정치/행정자치,4,8.1,충청권 메가시티 형성
SURVEY9,대전,정치/행정자치,5,7.7,청 단위 중앙행정기관 대전 집적
SURVEY9,대전,정치/행정자치,6,7.5,대전세종 경제자유구역 지정
SURVEY9,대전,정치/행정자치,7,6.7,메가시티 국가산단 조성
SURVEY9,대전,정치/행정자치,8,6.4,시정혁신
SURVEY9,대전,정치/행정자치,9,6.3,항공우주청 유치
SURVEY9,대전,정치/행정자치,10,4.7,방위사업청 이전
SURVEY9,대전,정치/행정자치,11,4.6,지방의회 역량강화
SURVEY9,대전,정치/행정자치,12,3.8,지방대학 지원
SURVEY9,대전,정치/행정자치,13,3.3,복합청사 건립
SURVEY9,울산,산업/경제,1,4.4,울산형 일자리 10만개 창출
SURVEY9,울산,산업/경제,2,3.8,중장년/퇴직자 일자리 지원센터 설치
SURVEY9,울산,산업/경제,3,3.7,울산경제자유구역 지정
SURVEY9,울산,산업/경제,4,3.6,일자리 정보 제공
SURVEY9,울산,산업/경제,5,3.4,청년 취창업 생태계 구축
SURVEY9,울산,산업/경제,6,3.3,조선/해양플랜트산업 육성
SURVEY9,울산,산업/경제,7,3.1,수소에너지 클러스터 조성(산업)
SURVEY9,울산,산업/경제,7,3.1,스마트 재생에너지 메카 건설
SURVEY9,울산,산업/경제,8,3,농수산물도매시장 현대화
SURVEY9,울산,산업/경제,8,3,지능형 미래자동차산업 육성
SURVEY9,울산,산업/경제,8,3,수소에너지 클러스터 조성(기업)
SURVEY9,울산,산업/경제,9,2.8,노동/일자리 거버넌스 협치 구축
SURVEY9,울산,산업/경제,9,2.8,지능형 미래자동차 Hi-tech 밸리 조성
SURVEY9,울산,산업/경제,10,2.7,4차 산업혁명 선도도시 센서벨리 조성
SURVEY9,울산,산업/경제,10,2.7,첨단 스마트 시티/혁신도시/국가산업단지 조성
SURVEY9,울산,산업/경제,11,2.5,신소재 화학산업 육성
SURVEY9,울산,산업/경제,12,2.4,세계최대 수소타운 건설
SURVEY9,울산,산업/경제,12,2.4,울산 도심항공모빌리티(UAM) 클러스터 조성
SURVEY9,울산,산업/경제,13,2.3,부유식 해상풍력 제조연구단지 조성
SURVEY9,울산,산업/경제,13,2.3,자율주행 자동차 시험장 구축
SURVEY9,울산,도시/지역발전,1,4.6,울산역 복합환승센터 정비(도시개발)
SURVEY9,울산,도시/지역발전,2,3.8,수소 트램 건설
SURVEY9,울산,도시/지역발전,3,3.7,공영주차장 설치/증축
SURVEY9,울산,도시/지역발전,4,3.5,고속열차/광역철도 노선 신설
SURVEY9,울산,도시/지역발전,4,3.5,유료도로 통행료 무료화
SURVEY9,울산,도시/지역발전,4,3.5,울산외곽순환고속도로 건설
SURVEY9,울산,도시/지역발전,4,3.5,부울경 메가시티
SURVEY9,울산,도시/지역발전,5,3.4,재개발/재건축 규제 완화
SURVEY9,울산,도시/지역발전,6,3.3,부울경 광역철도망 구축
SURVEY9,울산,도시/지역발전,7,3.1,주거환경 개선
SURVEY9,울산,도시/지역발전,8,2.9,어르신 공공임대주택
SURVEY9,울산,도시/지역발전,9,2.8,노후 단독주택 리모델링 지원
SURVEY9,울산,도시/지역발전,9,2.8,상습침수지역 하수관로 정비
SURVEY9,울산,도시/지역발전,10,2.7,청년 공공임대주택
SURVEY9,울산,도시/지역발전,11,2.6,개발제한구역 개편
SURVEY9,울산,도시/지역발전,11,2.6,직통버스 노선 확대
SURVEY9,울산,도시/지역발전,11,2.6,울산공항 확장
SURVEY9,울산,도시/지역발전,12,2.4,2030년 수소타운 건설
SURVEY9,울산,도시/지역발전,12,2.4,옥동 군부대 이전
SURVEY9,울산,도시/지역발전,12,2.4,생활 기반시설 정비/확충(아파트 단지 도로/가로등/도색 등)
SURVEY9,울산,사회복지/문화/여성가족/건강/보건,1,3.7,울산의료원 조속 설립
SURVEY9,울산,사회복지/문화/여성가족/건강/보건,2,3.3,태화강 국가정원 관광상품 개발
SURVEY9,울산,사회복지/문화/여성가족/건강/보건,3,3.1,건강/위생/안전 상설교육센터 설치
SURVEY9,울산,사회복지/문화/여성가족/건강/보건,4,3,종합대학 유치
SURVEY9,울산,사회복지/문화/여성가족/건강/보건,5,2.9,지역 거점별 생활체육시설 확충
SURVEY9,울산,사회복지/문화/여성가족/건강/보건,6,2.8,공공도서관 건립
SURVEY9,울산,사회복지/문화/여성가족/건강/보건,6,2.8,도심권 상급종합병원(제2울산대병원) 건립
SURVEY9,울산,사회복지/문화/여성가족/건강/보건,7,2.7,대형 다목적 실내체육관 건립
SURVEY9,울산,사회복지/문화/여성가족/건강/보건,7,2.7,의료복합타운 건설
SURVEY9,울산,사회복지/문화/여성가족/건강/보건,7,2.7,울산 아트페스티벌 개최
SURVEY9,울산,사회복지/문화/여성가족/건강/보건,8,2.6,반구대암각화 세계문화유산 등재/보존
SURVEY9,울산,사회복지/문화/여성가족/건강/보건,8,2.6,여성 일자리센터 설립
SURVEY9,울산,사회복지/문화/여성가족/건강/보건,9,2.5,복합문화아트홀 건립
SURVEY9,울산,사회복지/문화/여성가족/건강/보건,10,2.4,국민건강인센티브제 도입
SURVEY9,울산,사회복지/문화/여성가족/건강/보건,11,2.3,국공립/공공형 어린이집 확충
SURVEY9,울산,사회복지/문화/여성가족/건강/보건,12,2.2,경력단절여성 지원
SURVEY9,울산,사회복지/문화/여성가족/건강/보건,12,2.2,여성폭력 근절
SURVEY9,울산,사회복지/문화/여성가족/건강/보건,12,2.2,노인복지관/공공실버하우스 건립
SURVEY9,울산,사회복지/문화/여성가족/건강/보건,13,2.1,시민맞춤형 건강서비스 확대
SURVEY9,울산,사회복지/문화/여성가족/건강/보건,13,2.1,중고교생 무상교복/고교무상급식
SURVEY9,울산,환경/소방/재난안전,1,4,태화강 국가정원 지정/확대
SURVEY9,울산,환경/소방/재난안전,2,3.5,국간산단 완충녹지 조성
SURVEY9,울산,환경/소방/재난안전,3,3.4,고품질 수돗물/맑은물 공급
SURVEY9,울산,환경/소방/재난안전,4,3.2,공기정화도시 조성
SURVEY9,울산,환경/소방/재난안전,5,3.1,도심속 산림욕장(황방상공원) 조성
SURVEY9,울산,환경/소방/재난안전,5,3.1,안전시설 확충
SURVEY9,울산,환경/소방/재난안전,5,3.1,수질개선 사업
SURVEY9,울산,환경/소방/재난안전,6,3,하수처리시설 인프라 확충
SURVEY9,울산,환경/소방/재난안전,7,2.9,상수도시설 확충
SURVEY9,울산,환경/소방/재난안전,8,2.8,스마트 재생에너지 개발
SURVEY9,울산,환경/소방/재난안전,8,2.8,재해/재난관리 클러스터 조성
SURVEY9,울산,환경/소방/재난안전,8,2.8,원자력안전기술단지 설립
SURVEY9,울산,환경/소방/재난안전,9,2.7,함월 도담숲 조성
SURVEY9,울산,환경/소방/재난안전,10,2.6,국가산단 특수재난 안전훈련센터 건립
SURVEY9,울산,환경/소방/재난안전,10,2.6,해수자원화시스템 개발(자원관리)
SURVEY9,울산,환경/소방/재난안전,10,2.6,친환경 수소차 혜택 확대
SURVEY9,울산,환경/소방/재난안전,10,2.6,원자력시설 해체 종합연구센터 설립
SURVEY9,울산,환경/소방/재난안전,11,2.5,소방안전 인프라 구축
SURVEY9,울산,환경/소방/재난안전,11,2.5,해수담수화 플랜트 사업
SURVEY9,울산,환경/소방/재난안전,11,2.5,자동차 탄소포인트제 운영
SURVEY9,울산,정치/행정자치,1,9.4,태화강 고속열차/광역철도 신설
SURVEY9,울산,정치/행정자치,2,8.6,부울경 광역환승할인제 도입
SURVEY9,울산,정치/행정자치,3,7.6,부울경 광역철도망 건설
SURVEY9,울산,정치/행정자치,4,6.6,동해남부선 배차 시간 단축
SURVEY9,울산,정치/행정자치,5,6,반부패 청렴방 운영
SURVEY9,울산,정치/행정자치,5,6,정책실명제
SURVEY9,울산,정치/행정자치,5,6,울산역 복합환승센터 정비(광역협력)
SURVEY9,울산,정치/행정자치,5,6,신고센터 운영(규제개혁/청탁금지법/예산낭비 등)
SURVEY9,울산,정치/행정자치,6,5.9,울산시민아카데미 운영
SURVEY9,울산,정치/행정자치,7,5.8,주민감사청구제도
SURVEY9,울산,정치/행정자치,8,5.3,대형공사시민감시관제도
SURVEY9,울산,정치/행정자치,9,5,주민자치위원회 활성화
SURVEY9,울산,정치/행정자치,10,4.9,동남권 순환철도 조기 완공
SURVEY9,울산,정치/행정자치,11,4.7,광역전철 연장
SURVEY9,울산,정치/행정자치,12,4.4,공익제보자 보호/보상 강화
SURVEY9,울산,정치/행정자치,13,4,적극행정면책제도 활성화
SURVEY9,울산,정치/행정자치,14,3.9,사전컨설팅감사제도
SURVEY9,세종,산업/경제,1,6.1,세종스마트국가산단
SURVEY9,세종,산업/경제,2,6,대전-세종 경제자유구역 지정
SURVEY9,세종,산업/경제,3,5.7,로컬푸드 확대
SURVEY9,세종,산업/경제,4,4.9,지역주민 의무고용(경제)
SURVEY9,세종,산업/경제,5,4.7,채용공정성
SURVEY9,세종,산업/경제,6,4.3,지역화폐
SURVEY9,세종,산업/경제,7,4.2,비정규직센터 설립
SURVEY9,세종,산업/경제,7,4.2,지역주민 의무고용(노동)
SURVEY9,세종,산업/경제,8,3.9,지역인재 할당제
SURVEY9,세종,산업/경제,9,3.8,청년의무 고용할당제
SURVEY9,세종,산업/경제,10,3.7,규제완화
SURVEY9,세종,산업/경제,10,3.7,청년취업 중소기업 장려
SURVEY9,세종,산업/경제,10,3.7,사회적경제 인적자원 육성
SURVEY9,세종,산업/경제,10,3.7,도시농업 활성화
SURVEY9,세종,산업/경제,11,3.5,마을기업 육성
SURVEY9,세종,산업/경제,12,3.4,상가공실
SURVEY9,세종,산업/경제,13,3.1,공공부문 비정규직 정규직 전환
SURVEY9,세종,산업/경제,13,3.1,중소기업 재직청년 지원
SURVEY9,세종,산업/경제,14,2.7,국제과학비즈니스벨트
SURVEY9,세종,산업/경제,14,2.7,사회적경제 공제조합 육성
SURVEY9,세종,도시/지역발전,1,6.1,세종·서울 고속도로 조기 완공
SURVEY9,세종,도시/지역발전,2,5.4,KTX 세종역
SURVEY9,세종,도시/지역발전,3,4.8,대통령 세종집무실 설치
SURVEY9,세종,도시/지역발전,4,4.7,지역균형발전 특별회계 확대
SURVEY9,세종,도시/지역발전,4,4.7,행복도시법 세종 전체 적용
SURVEY9,세종,도시/지역발전,5,4.6,부동산 투기 근절
SURVEY9,세종,도시/지역발전,5,4.6,충청권메가시티 스마트헬스시티
SURVEY9,세종,도시/지역발전,6,4.3,출퇴근 시간 광역버스 확충
SURVEY9,세종,도시/지역발전,7,4.2,공공빅데이터 산업도시
SURVEY9,세종,도시/지역발전,8,4.1,도시숲
SURVEY9,세종,도시/지역발전,9,3.9,부동산 규제완화
SURVEY9,세종,도시/지역발전,10,3.6,도시외교
SURVEY9,세종,도시/지역발전,11,3.5,국제회의 개최
SURVEY9,세종,도시/지역발전,12,3.3,간선급행버스(BRT) 요금할인
SURVEY9,세종,도시/지역발전,13,3,중입자가속기 암치료센터
SURVEY9,세종,도시/지역발전,14,2.9,충청권 광역철도망
SURVEY9,세종,도시/지역발전,15,2.6,방사선 의과학융합산업 클러스터 구축
SURVEY9,세종,도시/지역발전,16,2.5,수도권 전철 조치원 연장
SURVEY9,세종,도시/지역발전,17,2.4,조치원 원도심 활성화
SURVEY9,세종,도시/지역발전,18,2.3,1인가구 반값 임대주택
SURVEY9,세종,사회복지/문화/여성가족/건강/보건,1,4.6,일-생활 균형
SURVEY9,세종,사회복지/문화/여성가족/건강/보건,2,4.2,생활스포츠 인프라 확충
SURVEY9,세종,사회복지/문화/여성가족/건강/보건,3,3.9,건강보험료 개편
SURVEY9,세종,사회복지/문화/여성가족/건강/보건,4,3.8,수변공원 조성
SURVEY9,세종,사회복지/문화/여성가족/건강/보건,4,3.8,아이돌봄서비스 확충
SURVEY9,세종,사회복지/문화/여성가족/건강/보건,5,3.5,금강주변 관광
SURVEY9,세종,사회복지/문화/여성가족/건강/보건,5,3.5,다문화교육 강화
SURVEY9,세종,사회복지/문화/여성가족/건강/보건,6,3.4,세종디지털미디어센터(DMC) 건립
SURVEY9,세종,사회복지/문화/여성가족/건강/보건,6,3.4,지역돌보미센터 강화
SURVEY9,세종,사회복지/문화/여성가족/건강/보건,6,3.4,어린이전문병원
SURVEY9,세종,사회복지/문화/여성가족/건강/보건,7,3.3,문화벨트조성
SURVEY9,세종,사회복지/문화/여성가족/건강/보건,8,3.2,교통약자 이용권 확대
SURVEY9,세종,사회복지/문화/여성가족/건강/보건,8,3.2,청소년 맞춤형 건강검진
SURVEY9,세종,사회복지/문화/여성가족/건강/보건,9,3.1,국공립어린이집 확대
SURVEY9,세종,사회복지/문화/여성가족/건강/보건,9,3.1,콘텐츠·관광산업 경쟁력 강화
SURVEY9,세종,사회복지/문화/여성가족/건강/보건,9,3.1,저상형 시내버스 확충
SURVEY9,세종,사회복지/문화/여성가족/건강/보건,10,3,노인공공근로
SURVEY9,세종,사회복지/문화/여성가족/건강/보건,10,3,육아휴직
SURVEY9,세종,사회복지/문화/여성가족/건강/보건,11,2.9,감염병 전문병원 확충
SURVEY9,세종,사회복지/문화/여성가족/건강/보건,11,2.9,현대미술관 유치
SURVEY9,세종,환경/소방/재난안전,1,6.6,부실공사방지
SURVEY9,세종,환경/소방/재난안전,2,5.3,미세먼지대책
SURVEY9,세종,환경/소방/재난안전,3,4.9,재난신속대응
SURVEY9,세종,환경/소방/재난안전,4,4.8,도심 물관리 시스템
SURVEY9,세종,환경/소방/재난안전,5,4.7,범죄예방
SURVEY9,세종,환경/소방/재난안전,5,4.7,소방인력·장비 확충
SURVEY9,세종,환경/소방/재난안전,6,4.4,신재생에너지
SURVEY9,세종,환경/소방/재난안전,6,4.4,치안
SURVEY9,세종,환경/소방/재난안전,7,4.1,산업재해대책(사회재난)
SURVEY9,세종,환경/소방/재난안전,7,4.1,상수원보전
SURVEY9,세종,환경/소방/재난안전,8,4,안전한 먹거리
SURVEY9,세종,환경/소방/재난안전,8,4,친환경버스
SURVEY9,세종,환경/소방/재난안전,8,4,전기차보급
SURVEY9,세종,환경/소방/재난안전,9,3.9,음식물 쓰레기처리 간편화
SURVEY9,세종,환경/소방/재난안전,10,3.7,페기물 처리
SURVEY9,세종,환경/소방/재난안전,11,3.6,도심하천 국가관리
SURVEY9,세종,환경/소방/재난안전,11,3.6,학교안전
SURVEY9,세종,환경/소방/재난안전,12,3.4,재활용품 공공기관 의무구매
SURVEY9,세종,환경/소방/재난안전,13,3.1,저탄소 스마트산업단지 조성
SURVEY9,세종,환경/소방/재난안전,13,3.1,탄소중립
SURVEY9,세종,정치/행정자치,1,6.5,전문성 향상
SURVEY9,세종,정치/행정자치,2,6.3,양성평등 문화 확산
SURVEY9,세종,정치/행정자치,3,6,행정수도 이전
SURVEY9,세종,정치/행정자치,4,5.5,재정독립성
SURVEY9,세종,정치/행정자치,4,5.5,정책역량 강화
SURVEY9,세종,정치/행정자치,5,4.9,자치단체역량 강화
SURVEY9,세종,정치/행정자치,5,4.9,주민투표제
SURVEY9,세종,정치/행정자치,6,4.1,세종공동캠퍼스 조기 개원
SURVEY9,세종,정치/행정자치,7,4,무상교육 확대
SURVEY9,세종,정치/행정자치,8,3.9,세종의사당 조기 개원
SURVEY9,세종,정치/행정자치,9,3.8,자치분권 확대
SURVEY9,세종,정치/행정자치,10,3.6,시민 시정 참여제
SURVEY9,세종,정치/행정자치,11,3.3,독립적 감사위원회 설치
SURVEY9,세종,정치/행정자치,12,3.2,2단계 공공기관 이전
SURVEY9,세종,정치/행정자치,13,3,주민자치회 직선제
SURVEY9,세종,정치/행정자치,14,2.9,유치원·어린이집 통합
SURVEY9,세종,정치/행정자치,15,2.7,국립행정대학원 설립
SURVEY9,세종,정치/행정자치,15,2.7,지방의회 다양화
SURVEY9,세종,정치/행정자치,16,2.5,자치입법권 확대
SURVEY9,세종,정치/행정자치,17,2.2,여성정책 강화
SURVEY9,경기,산업/경제,1,5.9,청년일자리 확대
SURVEY9,경기,산업/경제,2,5.4,채용공정성
SURVEY9,경기,산업/경제,3,5.2,규제완화
SURVEY9,경기,산업/경제,4,4.4,스마트농업
SURVEY9,경기,산업/경제,5,3.4,4차 산업기술 연구단지
SURVEY9,경기,산업/경제,5,3.4,여성일자리확충
SURVEY9,경기,산업/경제,5,3.4,사회적경제 인적자원 육성
SURVEY9,경기,산업/경제,5,3.4,비정규직 제로화
SURVEY9,경기,산업/경제,5,3.4,골목상권보호
SURVEY9,경기,산업/경제,6,3.3,청년취업 중소기업 장려
SURVEY9,경기,산업/경제,7,3.2,주력산업 구조 고도화
SURVEY9,경기,산업/경제,7,3.2,혁신클러스터
SURVEY9,경기,산업/경제,8,3.1,농식품 산업육성
SURVEY9,경기,산업/경제,9,2.9,비정규직센터 설립
SURVEY9,경기,산업/경제,9,2.9,지역화폐
SURVEY9,경기,산업/경제,9,2.9,스마트워크센터 설립
SURVEY9,경기,산업/경제,10,2.8,마을기업 육성
SURVEY9,경기,산업/경제,10,2.8,조세정의 마련
SURVEY9,경기,산업/경제,11,2.7,중소기업 재직청년 지원
SURVEY9,경기,산업/경제,12,2.6,공공기관 정규직 전환
SURVEY9,경기,도시/지역발전,1,6,광역교통망 확충
SURVEY9,경기,도시/지역발전,2,5.9,부동산 투기 근절
SURVEY9,경기,도시/지역발전,3,5.3,경기남북부 균형발전
SURVEY9,경기,도시/지역발전,4,4.8,신도시 인프라 확충
SURVEY9,경기,도시/지역발전,5,4.4,GTX 연장
SURVEY9,경기,도시/지역발전,5,4.4,전기자동차 충전인프라 확충
SURVEY9,경기,도시/지역발전,6,4.2,부동산 규제완화
SURVEY9,경기,도시/지역발전,7,4.1,전국대중교통 통합연계교통망
SURVEY9,경기,도시/지역발전,8,3.5,북부지역 친환경 에너지 산업
SURVEY9,경기,도시/지역발전,9,3.3,저소득층 공공임대주택
SURVEY9,경기,도시/지역발전,9,3.3,접경지 간선 교통망 확충
SURVEY9,경기,도시/지역발전,10,3.2,DMZ생태평화지구 조성
SURVEY9,경기,도시/지역발전,10,3.2,광역버스 준공영제
SURVEY9,경기,도시/지역발전,11,2.9,신분당선 연장
SURVEY9,경기,도시/지역발전,12,2.8,도시외교
SURVEY9,경기,도시/지역발전,13,2.7,미군 반환 공여지 개발
SURVEY9,경기,도시/지역발전,13,2.7,초과이익환수
SURVEY9,경기,도시/지역발전,13,2.7,접경지역 규제완화
SURVEY9,경기,도시/지역발전,14,2.3,저소득층 전월세 보증지원
SURVEY9,경기,도시/지역발전,14,2.3,통일경제특구
SURVEY9,경기,사회복지/문화/여성가족/건강/보건,1,4.8,생활스포츠 인프라 확충
SURVEY9,경기,사회복지/문화/여성가족/건강/보건,2,4.4,생애주기별 맞춤형 복지
SURVEY9,경기,사회복지/문화/여성가족/건강/보건,3,4.3,공공의료 지원
SURVEY9,경기,사회복지/문화/여성가족/건강/보건,4,4.2,국공립어린이집 확대
SURVEY9,경기,사회복지/문화/여성가족/건강/보건,5,3.9,공공실버복합타운 건설
SURVEY9,경기,사회복지/문화/여성가족/건강/보건,5,3.9,취약계층 의료접근성 강화
SURVEY9,경기,사회복지/문화/여성가족/건강/보건,5,3.9,어르신문화일자리
SURVEY9,경기,사회복지/문화/여성가족/건강/보건,6,3.7,감염병 전문병원 확충
SURVEY9,경기,사회복지/문화/여성가족/건강/보건,7,3.6,보건의료인력 확대
SURVEY9,경기,사회복지/문화/여성가족/건강/보건,8,3.4,문화예술계 불공정 근절
SURVEY9,경기,사회복지/문화/여성가족/건강/보건,9,3.3,근로자 휴가지원제도 확대
SURVEY9,경기,사회복지/문화/여성가족/건강/보건,10,3,육아휴직
SURVEY9,경기,사회복지/문화/여성가족/건강/보건,10,3,코로나19 피해지원
SURVEY9,경기,사회복지/문화/여성가족/건강/보건,11,2.9,노인종합복지센터 확충
SURVEY9,경기,사회복지/문화/여성가족/건강/보건,11,2.9,콘텐츠·관광산업 경쟁력 강화
SURVEY9,경기,사회복지/문화/여성가족/건강/보건,12,2.8,다문화교육 강화
SURVEY9,경기,사회복지/문화/여성가족/건강/보건,13,2.7,아이돌봄서비스 확충
SURVEY9,경기,사회복지/문화/여성가족/건강/보건,14,2.6,공공산후조리원 확대
SURVEY9,경기,사회복지/문화/여성가족/건강/보건,15,2.5,여가관광권리 보장
SURVEY9,경기,사회복지/문화/여성가족/건강/보건,15,2.5,체육계 불공정 근절
SURVEY9,경기,환경/소방/재난안전,1,6.4,부실공사방지
SURVEY9,경기,환경/소방/재난안전,2,5.7,안전한 먹거리
SURVEY9,경기,환경/소방/재난안전,3,5.6,재난신속대응
SURVEY9,경기,환경/소방/재난안전,4,5.4,미세먼지 종합대책
SURVEY9,경기,환경/소방/재난안전,4,5.4,소방인력·장비 확충
SURVEY9,경기,환경/소방/재난안전,4,5.4,산업재해대책(사회재난)
SURVEY9,경기,환경/소방/재난안전,5,5.1,폐기물 처리
SURVEY9,경기,환경/소방/재난안전,6,5,친환경자동차
SURVEY9,경기,환경/소방/재난안전,7,4.8,도심 물관리 시스템
SURVEY9,경기,환경/소방/재난안전,7,4.8,주민밀착형 치안
SURVEY9,경기,환경/소방/재난안전,7,4.8,재생에너지
SURVEY9,경기,환경/소방/재난안전,8,4.7,상수원보전
SURVEY9,경기,환경/소방/재난안전,9,4.2,탄소중립
SURVEY9,경기,환경/소방/재난안전,10,3.9,1인가구 밀접지역 범죄예방
SURVEY9,경기,환경/소방/재난안전,11,3.7,전기차보급
SURVEY9,경기,환경/소방/재난안전,12,3.6,도심하천 국가관리
SURVEY9,경기,환경/소방/재난안전,12,3.6,산업재해대책(자연재난)
SURVEY9,경기,환경/소방/재난안전,13,3.4,쓰레기매립지 확보
SURVEY9,경기,환경/소방/재난안전,14,3.3,교통사고 안전 거리 조성
SURVEY9,경기,환경/소방/재난안전,15,2.5,그린뉴딜정책
SURVEY9,경기,정치/행정자치,1,8.2,전문성 향상
SURVEY9,경기,정치/행정자치,2,5.8,공교육 강화
SURVEY9,경기,정치/행정자치,2,5.8,양성평등 문화 확산
SURVEY9,경기,정치/행정자치,2,5.8,교육격차 해소
SURVEY9,경기,정치/행정자치,3,5.3,자치단체역량 강화
SURVEY9,경기,정치/행정자치,3,5.3,주민투표제
SURVEY9,경기,정치/행정자치,4,4.5,정책역량 강화
SURVEY9,경기,정치/행정자치,5,4.1,국세 차등 배분
SURVEY9,경기,정치/행정자치,6,3.9,오산-수원-화성 상생생활권
SURVEY9,경기,정치/행정자치,6,3.9,재정독립성
SURVEY9,경기,정치/행정자치,7,3.8,행정구와 선거구 일치
SURVEY9,경기,정치/행정자치,8,3.7,경기남도-북도 분도
SURVEY9,경기,정치/행정자치,9,3.6,자치분권 확대
SURVEY9,경기,정치/행정자치,9,3.6,주민자치회 직선제
SURVEY9,경기,정치/행정자치,10,3.3,산업별 인력교육 강화
SURVEY9,경기,정치/행정자치,11,3.2,시민입법플랫폼 도입
SURVEY9,경기,정치/행정자치,12,3.1,입법역량 강화
SURVEY9,경기,정치/행정자치,12,3.1,행정수도 이전
SURVEY9,경기,정치/행정자치,13,3,자치입법권 확대
SURVEY9,경기,정치/행정자치,14,2.6,법제 개편
SURVEY9,강원,산업/경제,1,5.3,권역별 특화 신성장산업 육성
SURVEY9,강원,산업/경제,2,4.6,지역인재채용
SURVEY9,강원,산업/경제,3,4.3,가축방역
SURVEY9,강원,산업/경제,4,4.2,농산물수급안정
SURVEY9,강원,산업/경제,5,3.9,강원 상생형 일자리 사업
SURVEY9,강원,산업/경제,6,3.8,강원 데이터 플랫폼 도시 구축
SURVEY9,강원,산업/경제,7,3.7,농어촌 스마트팜 사업
SURVEY9,강원,산업/경제,8,3.5,동식물검역
SURVEY9,강원,산업/경제,9,3.4,바이오 기업 도시 구축
SURVEY9,강원,산업/경제,9,3.4,지역산업생태계 조성
SURVEY9,강원,산업/경제,10,3.3,중소영세 자영업자 생계 지원
SURVEY9,강원,산업/경제,10,3.3,코로나 손실보상
SURVEY9,강원,산업/경제,11,3.2,농산물 가격보존
SURVEY9,강원,산업/경제,11,3.2,사회적경제 공제조합 육성
SURVEY9,강원,산업/경제,12,3.1,고령친화적사업장구축
SURVEY9,강원,산업/경제,13,3,농산물위생검사
SURVEY9,강원,산업/경제,13,3,자연재난시 농가구호
SURVEY9,강원,산업/경제,13,3,인공태양클러스터조성
SURVEY9,강원,산업/경제,14,2.9,해상풍력단지 개발
SURVEY9,강원,산업/경제,15,2.8,축산물이력관리
SURVEY9,강원,도시/지역발전,1,6.8,일자리창출
SURVEY9,강원,도시/지역발전,2,6.6,주거환경개선
SURVEY9,강원,도시/지역발전,3,5.7,교통불균형 해소
SURVEY9,강원,도시/지역발전,4,4.7,동서고속도로 건설
SURVEY9,강원,도시/지역발전,5,4.4,"재개발,재건축 활성화"
SURVEY9,강원,도시/지역발전,6,4.3,광역교통망 확충
SURVEY9,강원,도시/지역발전,6,4.3,제2동서고속철도 건설
SURVEY9,강원,도시/지역발전,6,4.3,농어촌 공영택시
SURVEY9,강원,도시/지역발전,7,4.1,공공주택 건설
SURVEY9,강원,도시/지역발전,8,4,청년인구유입
SURVEY9,강원,도시/지역발전,9,3.8,구도심 재생
SURVEY9,강원,도시/지역발전,10,3.7,규제완화 및 철폐
SURVEY9,강원,도시/지역발전,10,3.7,전통시장 정비
SURVEY9,강원,도시/지역발전,11,3.6,생활인구확대
SURVEY9,강원,도시/지역발전,12,3.5,동해 평화관광특구
SURVEY9,강원,도시/지역발전,13,3.2,무상버스
SURVEY9,강원,도시/지역발전,13,3.2,접경지역 규제완화
SURVEY9,강원,도시/지역발전,14,3.1,군 유휴부지 활용
SURVEY9,강원,도시/지역발전,15,2.8,SOC 확충
SURVEY9,강원,도시/지역발전,15,2.8,철도 고속화 개량사업
SURVEY9,강원,사회복지/문화/여성가족/건강/보건,1,4.9,지역의료보건체계 구축
SURVEY9,강원,사회복지/문화/여성가족/건강/보건,2,4.8,국공립어린이집 확대
SURVEY9,강원,사회복지/문화/여성가족/건강/보건,3,4.5,육아 기본수당 확대
SURVEY9,강원,사회복지/문화/여성가족/건강/보건,4,4.3,노인전문병원 및 치매병원 설치
SURVEY9,강원,사회복지/문화/여성가족/건강/보건,5,4.2,지방의료원 육성
SURVEY9,강원,사회복지/문화/여성가족/건강/보건,6,4,평창동계올림픽 시설 활용
SURVEY9,강원,사회복지/문화/여성가족/건강/보건,7,3.8,문화인프라 확충
SURVEY9,강원,사회복지/문화/여성가족/건강/보건,7,3.8,생활스포츠 인프라확충
SURVEY9,강원,사회복지/문화/여성가족/건강/보건,8,3.6,저상버스 보급 확대
SURVEY9,강원,사회복지/문화/여성가족/건강/보건,9,3.5,무료예방접종 도입
SURVEY9,강원,사회복지/문화/여성가족/건강/보건,9,3.5,전통문화 계승홍보
SURVEY9,강원,사회복지/문화/여성가족/건강/보건,10,3.3,장애인일자리확대
SURVEY9,강원,사회복지/문화/여성가족/건강/보건,11,3.2,산부인과 및 소아과 유치
SURVEY9,강원,사회복지/문화/여성가족/건강/보건,12,3,노인생활체육
SURVEY9,강원,사회복지/문화/여성가족/건강/보건,13,2.9,DMZ 생태관광 추진
SURVEY9,강원,사회복지/문화/여성가족/건강/보건,13,2.9,공공산후조리원 설립
SURVEY9,강원,사회복지/문화/여성가족/건강/보건,13,2.9,K-컨텐츠산업 진흥
SURVEY9,강원,사회복지/문화/여성가족/건강/보건,14,2.8,K-관광컨텐츠 개발
SURVEY9,강원,사회복지/문화/여성가족/건강/보건,15,2.7,평생교육
SURVEY9,강원,사회복지/문화/여성가족/건강/보건,16,2.6,분만인프라 구축
SURVEY9,강원,환경/소방/재난안전,1,5.2,대형산불 예방
SURVEY9,강원,환경/소방/재난안전,2,4.9,미세플라스틱 저감
SURVEY9,강원,환경/소방/재난안전,3,4.8,동해안 산불방지시스템 운영
SURVEY9,강원,환경/소방/재난안전,3,4.8,수질개선
SURVEY9,강원,환경/소방/재난안전,4,4.6,폐기물 처리시설 확충
SURVEY9,강원,환경/소방/재난안전,5,4.5,CCTV 설치
SURVEY9,강원,환경/소방/재난안전,6,4.2,미세먼지 저감
SURVEY9,강원,환경/소방/재난안전,6,4.2,빅데이터 기반 재난 정보시스템
SURVEY9,강원,환경/소방/재난안전,7,4.1,소방공무원 근무여건 개선
SURVEY9,강원,환경/소방/재난안전,8,4,폐기물 재활용 활성화
SURVEY9,강원,환경/소방/재난안전,9,3.7,소방인프라(소방헬기) 확대
SURVEY9,강원,환경/소방/재난안전,10,3.6,강원도 탄소중립특구 조성
SURVEY9,강원,환경/소방/재난안전,11,3.4,하수처리장 증설 및 개량
SURVEY9,강원,환경/소방/재난안전,12,3.3,지속가능한 국립공원 관리체계 구축
SURVEY9,강원,환경/소방/재난안전,13,3.2,여성안심귀가서비스
SURVEY9,강원,환경/소방/재난안전,13,3.2,환동해특수재난대응단 활성화
SURVEY9,강원,환경/소방/재난안전,14,3.1,산림유역관리사업 강화
SURVEY9,강원,환경/소방/재난안전,14,3.1,해양심층수 공공취수시설 설치
SURVEY9,강원,환경/소방/재난안전,15,3,산불피해 보상
SURVEY9,강원,환경/소방/재난안전,15,3,친환경 삭도 설치
SURVEY9,강원,정치/행정자치,1,14.2,지방정부 재정자립도 강화
SURVEY9,강원,정치/행정자치,2,11.1,공공기관 추가이전
SURVEY9,강원,정치/행정자치,3,10,강원평화특별자치도 지정
SURVEY9,강원,정치/행정자치,4,9.4,공공기관 지역인재 의무채용
SURVEY9,강원,정치/행정자치,5,9.1,지방정부 통합클라우드 플랫폼 구축
SURVEY9,강원,정치/행정자치,6,7.6,접경지역지원 특별법 제정
SURVEY9,강원,정치/행정자치,6,7.6,혁신도시 추가 지정
SURVEY9,강원,정치/행정자치,7,7.3,도정혁신
SURVEY9,강원,정치/행정자치,8,6.7,지방의회 역량 강화
SURVEY9,강원,정치/행정자치,9,5.7,미시령터널 공익처분
SURVEY9,강원,정치/행정자치,10,4.2,지방대학 지원
SURVEY9,강원,정치/행정자치,11,3.7,탄광지역특별법 제정
SURVEY9,강원,정치/행정자치,12,3.4,국방클러스터 조성(행정)
SURVEY9,충북,산업/경제,1,4.2,청년일자리 확대
SURVEY9,충북,산업/경제,2,4.1,채용공정성
SURVEY9,충북,산업/경제,3,3.8,규제완화
SURVEY9,충북,산업/경제,4,3.7,청년취업 중소기업 장려
SURVEY9,충북,산업/경제,5,3.5,공공부문 비정규직 정규직 전환
SURVEY9,충북,산업/경제,5,3.5,지역화폐
SURVEY9,충북,산업/경제,5,3.5,지역주민 의무고용
SURVEY9,충북,산업/경제,5,3.5,지역상권 보호
SURVEY9,충북,산업/경제,5,3.5,사회적경제 공제조합 육성
SURVEY9,충북,산업/경제,6,3.4,비정규직센터 설립
SURVEY9,충북,산업/경제,7,3.2,경제특구
SURVEY9,충북,산업/경제,7,3.2,중소기업 재직청년 지원
SURVEY9,충북,산업/경제,8,3.1,주력산업 구조 고도화
SURVEY9,충북,산업/경제,9,2.9,여성일자리확충
SURVEY9,충북,산업/경제,10,2.8,청년농업인 육성
SURVEY9,충북,산업/경제,11,2.7,노사동반성장
SURVEY9,충북,산업/경제,11,2.7,사회적경제 인적자원 육성
SURVEY9,충북,산업/경제,11,2.7,미래첨단농업
SURVEY9,충북,산업/경제,12,2.6,마을기업 육성
SURVEY9,충북,산업/경제,12,2.6,신성장산업 육성
SURVEY9,충북,도시/지역발전,1,5.4,충청권메가시티
SURVEY9,충북,도시/지역발전,2,5.1,지역균형발전 특별회계 확대
SURVEY9,충북,도시/지역발전,3,4.7,청주도심 통과 광역철도
SURVEY9,충북,도시/지역발전,4,4.5,부동산 투기 근절
SURVEY9,충북,도시/지역발전,5,4.3,충청내륙고속화도로
SURVEY9,충북,도시/지역발전,6,4,도시외교
SURVEY9,충북,도시/지역발전,7,3.9,버스노선 증차
SURVEY9,충북,도시/지역발전,8,3.8,광역교통망 확충
SURVEY9,충북,도시/지역발전,9,3.7,공공임대주택 공급 확대
SURVEY9,충북,도시/지역발전,9,3.7,부동산 규제완화
SURVEY9,충북,도시/지역발전,10,3.6,충북선 철도 고속화
SURVEY9,충북,도시/지역발전,11,3.4,청주국제공항 중부권 거점공항
SURVEY9,충북,도시/지역발전,12,3.2,진천혁신도시 개발
SURVEY9,충북,도시/지역발전,13,3.1,방사광가속기
SURVEY9,충북,도시/지역발전,14,3,서청주 신도시 조성 지원
SURVEY9,충북,도시/지역발전,14,3,시내버스 준공영제
SURVEY9,충북,도시/지역발전,15,2.8,중부고속도로 조기 확장
SURVEY9,충북,도시/지역발전,16,2.6,KTX 오송역 발전
SURVEY9,충북,도시/지역발전,16,2.6,부동산규제 완화
SURVEY9,충북,도시/지역발전,17,2.5,원도심재생
SURVEY9,충북,사회복지/문화/여성가족/건강/보건,1,4.1,국공립어린이집 확대
SURVEY9,충북,사회복지/문화/여성가족/건강/보건,2,4,장애인이동권 보장
SURVEY9,충북,사회복지/문화/여성가족/건강/보건,3,3.6,문화·관광·체육·휴양벨트 건설
SURVEY9,충북,사회복지/문화/여성가족/건강/보건,3,3.6,생활스포츠 인프라 확충
SURVEY9,충북,사회복지/문화/여성가족/건강/보건,4,3.5,보건의료인력 확대
SURVEY9,충북,사회복지/문화/여성가족/건강/보건,5,3.3,다문화교육 강화
SURVEY9,충북,사회복지/문화/여성가족/건강/보건,6,3.1,코로나19 피해지원
SURVEY9,충북,사회복지/문화/여성가족/건강/보건,7,3,요양보호사 처우 개선
SURVEY9,충북,사회복지/문화/여성가족/건강/보건,8,2.9,감염병 전문병원 확충
SURVEY9,충북,사회복지/문화/여성가족/건강/보건,8,2.9,장기요양서비스
SURVEY9,충북,사회복지/문화/여성가족/건강/보건,8,2.9,무상교복
SURVEY9,충북,사회복지/문화/여성가족/건강/보건,8,2.9,고교 무상급식
SURVEY9,충북,사회복지/문화/여성가족/건강/보건,9,2.7,공공의료
SURVEY9,충북,사회복지/문화/여성가족/건강/보건,9,2.7,저상형 시내버스 확충
SURVEY9,충북,사회복지/문화/여성가족/건강/보건,9,2.7,육아휴직
SURVEY9,충북,사회복지/문화/여성가족/건강/보건,9,2.7,아이돌봄서비스 확충
SURVEY9,충북,사회복지/문화/여성가족/건강/보건,10,2.6,국가책임 평생교육
SURVEY9,충북,사회복지/문화/여성가족/건강/보건,10,2.6,충북경제포럼
SURVEY9,충북,사회복지/문화/여성가족/건강/보건,10,2.6,외국인 아동 보육 지원
SURVEY9,충북,사회복지/문화/여성가족/건강/보건,11,2.4,공공산후조리원 확대
SURVEY9,충북,환경/소방/재난안전,1,6.1,범죄예방
SURVEY9,충북,환경/소방/재난안전,2,5.8,부실공사방지
SURVEY9,충북,환경/소방/재난안전,3,5.6,재난신속대응
SURVEY9,충북,환경/소방/재난안전,4,5.3,소방인력·장비 확충
SURVEY9,충북,환경/소방/재난안전,5,5.2,산업재해대책(사회재난)
SURVEY9,충북,환경/소방/재난안전,6,5.1,도심 물관리 시스템
SURVEY9,충북,환경/소방/재난안전,7,4.9,안전한 먹거리
SURVEY9,충북,환경/소방/재난안전,8,4.8,미세먼지 배출총량제
SURVEY9,충북,환경/소방/재난안전,8,4.8,미호천 1급수
SURVEY9,충북,환경/소방/재난안전,9,4.4,충북형 재난안전시스템
SURVEY9,충북,환경/소방/재난안전,10,4.1,산업재해대책(자연재난)
SURVEY9,충북,환경/소방/재난안전,10,4.1,탄소중립
SURVEY9,충북,환경/소방/재난안전,10,4.1,친환경자동차
SURVEY9,충북,환경/소방/재난안전,11,4,신재생에너지
SURVEY9,충북,환경/소방/재난안전,12,3.8,재활용품 공공기관 의무구매
SURVEY9,충북,환경/소방/재난안전,13,3.6,학교안전
SURVEY9,충북,환경/소방/재난안전,14,3.5,국가생태·휴양벨트
SURVEY9,충북,환경/소방/재난안전,15,3.3,그린뉴딜정책
SURVEY9,충북,환경/소방/재난안전,16,3,도민 안전보험 무상가입
SURVEY9,충북,환경/소방/재난안전,17,2.9,지자체 에너지 자립률 2등급 이상
SURVEY9,충북,정치/행정자치,1,6,전문성 향상
SURVEY9,충북,정치/행정자치,2,5.7,자치단체역량 강화
SURVEY9,충북,정치/행정자치,3,5.3,주민투표제
SURVEY9,충북,정치/행정자치,4,4.8,공교육 강화
SURVEY9,충북,정치/행정자치,4,4.8,양성평등 문화 확산
SURVEY9,충북,정치/행정자치,5,4.7,재정독립성
SURVEY9,충북,정치/행정자치,6,4.3,청주시 광역시 승격
SURVEY9,충북,정치/행정자치,7,4.2,교육격차 해소
SURVEY9,충북,정치/행정자치,8,3.9,정책역량 강화
SURVEY9,충북,정치/행정자치,9,3.8,청주행정구와 선거구 일치
SURVEY9,충북,정치/행정자치,10,3.7,국가장학금 확대
SURVEY9,충북,정치/행정자치,11,3.5,주민자치회 직선제
SURVEY9,충북,정치/행정자치,12,3.4,수도권 규제 완화 즉각 중단
SURVEY9,충북,정치/행정자치,13,3,통합시
SURVEY9,충북,정치/행정자치,14,2.9,산업별 인력교육 강화
SURVEY9,충북,정치/행정자치,14,2.9,자치입법권 확대
SURVEY9,충북,정치/행정자치,15,2.8,2단계 공공기관 이전
SURVEY9,충북,정치/행정자치,15,2.8,행정수도 이전
SURVEY9,충북,정치/행정자치,16,2.6,도민 도정 참여제
SURVEY9,충북,정치/행정자치,17,2.5,입법역량 강화
SURVEY9,충남,산업/경제,1,5.3,신재생에너지 전환 지원
SURVEY9,충남,산업/경제,2,5.1,디지털 헬스케어 융합 연구단지 조성
SURVEY9,충남,산업/경제,3,5,농산물수급안정
SURVEY9,충남,산업/경제,4,4.5,지역인재채용
SURVEY9,충남,산업/경제,4,4.5,청년고용할당
SURVEY9,충남,산업/경제,5,4.2,농산물 가격보존
SURVEY9,충남,산업/경제,5,4.2,중소영세 자영업자 생계 지원
SURVEY9,충남,산업/경제,6,4.1,사회적경제 공제조합 육성
SURVEY9,충남,산업/경제,7,4,가축방역
SURVEY9,충남,산업/경제,7,4,고령친화적사업장구축
SURVEY9,충남,산업/경제,8,3.9,GMO 완전표시제 실시
SURVEY9,충남,산업/경제,8,3.9,유기농 산업 복합 서비스 지원단지 선정
SURVEY9,충남,산업/경제,8,3.9,동식물검역
SURVEY9,충남,산업/경제,8,3.9,농산물위생검사
SURVEY9,충남,산업/경제,9,3.7,축산물이력관리
SURVEY9,충남,산업/경제,10,3.5,천안 테크노파크 산단 조성
SURVEY9,충남,산업/경제,10,3.5,코로나 손실보상
SURVEY9,충남,산업/경제,11,2.8,내포 첨단국가산업단지 조성
SURVEY9,충남,산업/경제,12,2.7,가축백신지원
SURVEY9,충남,산업/경제,12,2.7,미을기업 육성
SURVEY9,충남,도시/지역발전,1,6.3,일자리창출
SURVEY9,충남,도시/지역발전,2,6,주거환경개선
SURVEY9,충남,도시/지역발전,3,5.9,교통불균형 해소
SURVEY9,충남,도시/지역발전,4,5.3,구도심 재생
SURVEY9,충남,도시/지역발전,5,4.7,깨끗한 해양환경 만들기 사업
SURVEY9,충남,도시/지역발전,5,4.7,"재개발,재건축 활성화"
SURVEY9,충남,도시/지역발전,6,4.5,서해선 복선 전철화
SURVEY9,충남,도시/지역발전,7,4.4,중부권 동서횡단철도 건설
SURVEY9,충남,도시/지역발전,8,4,서남민항(충남공항) 건설
SURVEY9,충남,도시/지역발전,9,3.9,도로정비
SURVEY9,충남,도시/지역발전,9,3.9,충남내륙철도 건설
SURVEY9,충남,도시/지역발전,10,3.6,시군 지역화폐 통합플랫폼 구축
SURVEY9,충남,도시/지역발전,10,3.6,천안-청주공항 복선전철 건설
SURVEY9,충남,도시/지역발전,11,3.5,천안아산역 복합환승센터 구축
SURVEY9,충남,도시/지역발전,12,3.4,청년인구유입
SURVEY9,충남,도시/지역발전,13,3.1,가로림만 해상교량 건설
SURVEY9,충남,도시/지역발전,14,3,공공주택 건설
SURVEY9,충남,도시/지역발전,15,2.8,내포신도시 개발
SURVEY9,충남,도시/지역발전,15,2.8,전통시장 정비
SURVEY9,충남,도시/지역발전,16,2.7,임대주택 확충
SURVEY9,충남,사회복지/문화/여성가족/건강/보건,1,6.5,국공립어린이집 확대
SURVEY9,충남,사회복지/문화/여성가족/건강/보건,2,5,지역의료보건체계 구축
SURVEY9,충남,사회복지/문화/여성가족/건강/보건,3,4.9,생활스포츠 인프라 확충
SURVEY9,충남,사회복지/문화/여성가족/건강/보건,4,4.6,노인전문병원 및 치매병원 설치
SURVEY9,충남,사회복지/문화/여성가족/건강/보건,5,4.4,육아 기본수당 확대
SURVEY9,충남,사회복지/문화/여성가족/건강/보건,6,4.3,장애인일자리확대
SURVEY9,충남,사회복지/문화/여성가족/건강/보건,7,4.2,무료예방접종 도입
SURVEY9,충남,사회복지/문화/여성가족/건강/보건,8,4.1,의료광역통합시설 구축
SURVEY9,충남,사회복지/문화/여성가족/건강/보건,9,3.8,저상버스 보급 확대
SURVEY9,충남,사회복지/문화/여성가족/건강/보건,10,3.5,지역건강 돌봄시스템 구축
SURVEY9,충남,사회복지/문화/여성가족/건강/보건,11,3.3,공공산후조리원 설립
SURVEY9,충남,사회복지/문화/여성가족/건강/보건,11,3.3,전통문화 계승홍보
SURVEY9,충남,사회복지/문화/여성가족/건강/보건,12,3.1,K-컨텐츠산업 진흥
SURVEY9,충남,사회복지/문화/여성가족/건강/보건,12,3.1,해양관광케이블카 설치
SURVEY9,충남,사회복지/문화/여성가족/건강/보건,13,3,평생교육
SURVEY9,충남,사회복지/문화/여성가족/건강/보건,14,2.8,노인생활체육
SURVEY9,충남,사회복지/문화/여성가족/건강/보건,15,2.7,무상아침급식
SURVEY9,충남,사회복지/문화/여성가족/건강/보건,15,2.7,분만인프라 구축
SURVEY9,충남,사회복지/문화/여성가족/건강/보건,16,2.6,장애인복지지설 확대
SURVEY9,충남,사회복지/문화/여성가족/건강/보건,16,2.6,환황해권 해양관광벨트 구축
SURVEY9,충남,환경/소방/재난안전,1,6.4,미세먼지 저감대책
SURVEY9,충남,환경/소방/재난안전,2,5.3,CCTV 설치
SURVEY9,충남,환경/소방/재난안전,3,5.2,금강하구 생태복원
SURVEY9,충남,환경/소방/재난안전,3,5.2,소방공무원 근무여건 개선
SURVEY9,충남,환경/소방/재난안전,4,5.1,빅데이터 기반 재난 정보시스템
SURVEY9,충남,환경/소방/재난안전,5,4.9,소방인프라(소방헬기) 확대
SURVEY9,충남,환경/소방/재난안전,6,4.7,미세플라스틱 저감
SURVEY9,충남,환경/소방/재난안전,7,4.6,수질유해물질 배출량 저감
SURVEY9,충남,환경/소방/재난안전,7,4.6,하수처리장 증설 및 개량
SURVEY9,충남,환경/소방/재난안전,7,4.6,폐기물 처리시설 확충
SURVEY9,충남,환경/소방/재난안전,8,4.5,힐링 숲 조성
SURVEY9,충남,환경/소방/재난안전,9,4.1,폐기물 재활용 활성화
SURVEY9,충남,환경/소방/재난안전,10,3.9,여성안심귀가서비스
SURVEY9,충남,환경/소방/재난안전,11,3.8,서해안 해안림 복원 및 조성
SURVEY9,충남,환경/소방/재난안전,12,3.6,업사이클 지원
SURVEY9,충남,환경/소방/재난안전,13,3.5,재난피해 예방시설 확충
SURVEY9,충남,환경/소방/재난안전,14,3.3,재활용품 공공기관 의무구매
SURVEY9,충남,환경/소방/재난안전,15,3.1,가로림만 해양정원 조성
SURVEY9,충남,환경/소방/재난안전,16,2.8,저공해차 보급확대
SURVEY9,충남,환경/소방/재난안전,17,2.6,재난전문 국립경찰병원 설립
SURVEY9,충남,정치/행정자치,1,17.6,충남혁신도시 활성화
SURVEY9,충남,정치/행정자치,2,14.4,공공기관 지역인재 의무채용
SURVEY9,충남,정치/행정자치,3,13.9,지방정부 재정자립성
SURVEY9,충남,정치/행정자치,4,12.1,천안역세권 활성화
SURVEY9,충남,정치/행정자치,5,10.5,원도심 공동화 해결
SURVEY9,충남,정치/행정자치,6,8.8,지방의회 역량강화
SURVEY9,충남,정치/행정자치,7,8.3,공공기관 이전
SURVEY9,충남,정치/행정자치,8,6,기후대응기금 적시 배정
SURVEY9,충남,정치/행정자치,9,4.2,지방대학 지원
SURVEY9,충남,정치/행정자치,10,4.1,자치경찰 강화
SURVEY9,전북,산업/경제,1,5,청년일자리 확충
SURVEY9,전북,산업/경제,2,4.5,스마트팜 확대 지원
SURVEY9,전북,산업/경제,2,4.5,탄소소재산업 육성
SURVEY9,전북,산업/경제,2,4.5,중소기업 육성
SURVEY9,전북,산업/경제,3,4.3,미래자동차 특화산업단지 조성
SURVEY9,전북,산업/경제,4,4,그린수소산업 클러스터 구축
SURVEY9,전북,산업/경제,4,4,사회적경제 성장기업 육성
SURVEY9,전북,산업/경제,5,3.7,국가식품클러스터 확장
SURVEY9,전북,산업/경제,6,3.2,대기업 유치
SURVEY9,전북,산업/경제,6,3.2,종자-식품산업혁신
SURVEY9,전북,산업/경제,6,3.2,스마트 양식기술 개발 촉진
SURVEY9,전북,산업/경제,6,3.2,산림바이오에너지 거점 육성
SURVEY9,전북,산업/경제,7,3.1,지능형농기계산업 육성
SURVEY9,전북,산업/경제,8,3,첨단 선박 산업 육성
SURVEY9,전북,산업/경제,9,2.9,상용차산업 고도화
SURVEY9,전북,산업/경제,10,2.8,수산가공종합단지 건설
SURVEY9,전북,산업/경제,10,2.8,푸드파크 조성
SURVEY9,전북,산업/경제,11,2.7,수출주도형 수산식품산업육성
SURVEY9,전북,산업/경제,12,2.5,해상풍력단지 건설
SURVEY9,전북,산업/경제,13,2.4,사회적 경제 특별지구 지정
SURVEY9,전북,도시/지역발전,1,6,일자리창출
SURVEY9,전북,도시/지역발전,2,5.7,부동산 가격 안정
SURVEY9,전북,도시/지역발전,3,4.5,전북 내 광역교통망 체계 구축
SURVEY9,전북,도시/지역발전,4,4.3,새만금-전주완주 연결망 구축
SURVEY9,전북,도시/지역발전,5,4.1,구도심 재생
SURVEY9,전북,도시/지역발전,5,4.1,구도심 주거환경 개선
SURVEY9,전북,도시/지역발전,6,4,버스터미널 현대화
SURVEY9,전북,도시/지역발전,6,4,새만금공항건설
SURVEY9,전북,도시/지역발전,7,3.7,금융 공기업 추가 이전
SURVEY9,전북,도시/지역발전,8,3.6,청년인구유입
SURVEY9,전북,도시/지역발전,9,3.4,도시환경정비
SURVEY9,전북,도시/지역발전,9,3.4,전북금융타운조성
SURVEY9,전북,도시/지역발전,10,3.1,생활인구확대
SURVEY9,전북,도시/지역발전,10,3.1,전통시장 활성화
SURVEY9,전북,도시/지역발전,10,3.1,전주-대구고속도로 조기착공
SURVEY9,전북,도시/지역발전,11,3,익산-여수 전라선 고속철도 조기착공
SURVEY9,전북,도시/지역발전,12,2.9,공공임대주택공급
SURVEY9,전북,도시/지역발전,13,2.8,스마트시티조성
SURVEY9,전북,도시/지역발전,13,2.8,재개발 및 재건축
SURVEY9,전북,도시/지역발전,14,2.7,대중교통체계개편
SURVEY9,전북,사회복지/문화/여성가족/건강/보건,1,4.1,전주-익산-군산 역사문화 관광벨트
SURVEY9,전북,사회복지/문화/여성가족/건강/보건,2,3.9,국립의료원 설립
SURVEY9,전북,사회복지/문화/여성가족/건강/보건,3,3.8,기초연금 지급
SURVEY9,전북,사회복지/문화/여성가족/건강/보건,4,3.6,무료예방접종
SURVEY9,전북,사회복지/문화/여성가족/건강/보건,5,3.5,공공의료 불균형 해소
SURVEY9,전북,사회복지/문화/여성가족/건강/보건,5,3.5,맞벌이부부 안심보육센터
SURVEY9,전북,사회복지/문화/여성가족/건강/보건,5,3.5,국공립어린이집 확충
SURVEY9,전북,사회복지/문화/여성가족/건강/보건,5,3.5,국가 감염병 연구복합단지 조성
SURVEY9,전북,사회복지/문화/여성가족/건강/보건,6,3.3,노인일자리 확대
SURVEY9,전북,사회복지/문화/여성가족/건강/보건,6,3.3,영화산업 육성
SURVEY9,전북,사회복지/문화/여성가족/건강/보건,7,3.2,노인맞춤돌봄서비스 강화
SURVEY9,전북,사회복지/문화/여성가족/건강/보건,8,3.1,장애인복지시설확충
SURVEY9,전북,사회복지/문화/여성가족/건강/보건,9,2.9,경력단절여성 구직 지원
SURVEY9,전북,사회복지/문화/여성가족/건강/보건,9,2.9,지역의료보건체계구축
SURVEY9,전북,사회복지/문화/여성가족/건강/보건,9,2.9,스마트 의료 서비스 강화
SURVEY9,전북,사회복지/문화/여성가족/건강/보건,9,2.9,생활체육시설 확충
SURVEY9,전북,사회복지/문화/여성가족/건강/보건,10,2.7,지리산권관광 활성화
SURVEY9,전북,사회복지/문화/여성가족/건강/보건,11,2.5,지역건강 돌봄시스템 구축
SURVEY9,전북,사회복지/문화/여성가족/건강/보건,12,2.3,공공의대 설립
SURVEY9,전북,사회복지/문화/여성가족/건강/보건,12,2.3,해양관광벨트 조성
SURVEY9,전북,환경/소방/재난안전,1,4.3,미세먼지저감
SURVEY9,전북,환경/소방/재난안전,2,4.1,도심공원확충
SURVEY9,전북,환경/소방/재난안전,2,4.1,부실공사방지
SURVEY9,전북,환경/소방/재난안전,3,3.9,새만금유역 공공하수처리장 확충
SURVEY9,전북,환경/소방/재난안전,4,3.8,갯벌생태보전
SURVEY9,전북,환경/소방/재난안전,4,3.8,폐기물단속강화
SURVEY9,전북,환경/소방/재난안전,4,3.8,치안유지
SURVEY9,전북,환경/소방/재난안전,4,3.8,교통사고 예방
SURVEY9,전북,환경/소방/재난안전,5,3.6,소방인프라 확대
SURVEY9,전북,환경/소방/재난안전,6,3.5,폐기물처리시설 확충
SURVEY9,전북,환경/소방/재난안전,7,3.4,신재생에너지보급
SURVEY9,전북,환경/소방/재난안전,8,3.3,산불예방
SURVEY9,전북,환경/소방/재난안전,8,3.3,풍수해피해 보조
SURVEY9,전북,환경/소방/재난안전,8,3.3,생태관광지발굴
SURVEY9,전북,환경/소방/재난안전,9,3.2,산사태 방지
SURVEY9,전북,환경/소방/재난안전,9,3.2,친환경자동차보급
SURVEY9,전북,환경/소방/재난안전,9,3.2,여성 및 사회적 약자 안전 증진
SURVEY9,전북,환경/소방/재난안전,10,3.1,상수도현대화사업
SURVEY9,전북,환경/소방/재난안전,10,3.1,유해화학물질 안전관리
SURVEY9,전북,환경/소방/재난안전,11,3,만경-동진강 생태 복원
SURVEY9,전북,정치/행정자치,1,11.9,전주-완주 통합
SURVEY9,전북,정치/행정자치,2,11.3,지역인재채용확대
SURVEY9,전북,정치/행정자치,3,11.2,주민자치 활성화
SURVEY9,전북,정치/행정자치,4,10.6,새만금-전북특별자치도
SURVEY9,전북,정치/행정자치,5,9.8,주민정책참여 활성화
SURVEY9,전북,정치/행정자치,6,8.8,공공기관추가이전
SURVEY9,전북,정치/행정자치,6,8.8,공공외교
SURVEY9,전북,정치/행정자치,7,6.5,새만금메가시티(군산-김제-부안 통합)
SURVEY9,전북,정치/행정자치,8,6.1,주민자치센터활성화
SURVEY9,전북,정치/행정자치,9,5.6,자치단체행정역량강화
SURVEY9,전북,정치/행정자치,10,5.4,다문화가족 및 외국인주민 지역사회정착 지원
SURVEY9,전북,정치/행정자치,11,4.1,출향도민교류
SURVEY9,전남,산업/경제,1,3.4,지역인재채용확대
SURVEY9,전남,산업/경제,2,3.3,상생형지역일자리
SURVEY9,전남,산업/경제,2,3.3,수도권기업 지방투자 촉진
SURVEY9,전남,산업/경제,3,3.2,친환경농산물유통지원
SURVEY9,전남,산업/경제,4,3,친환경축산육성
SURVEY9,전남,산업/경제,5,2.9,탄소중립산단 조성
SURVEY9,전남,산업/경제,6,2.8,광주-전남 통합
SURVEY9,전남,산업/경제,6,2.8,주민참여마을공동체육성
SURVEY9,전남,산업/경제,6,2.8,사회적경제 인적자원 발굴 및 육성
SURVEY9,전남,산업/경제,7,2.7,전남-광주협력
SURVEY9,전남,산업/경제,7,2.7,주민정책참여활성화
SURVEY9,전남,산업/경제,8,2.6,남도음식진흥원건립
SURVEY9,전남,산업/경제,9,2.5,스마트양식클러스터 구축
SURVEY9,전남,산업/경제,9,2.5,전남-수도권 협력
SURVEY9,전남,산업/경제,9,2.5,신성장일자리
SURVEY9,전남,산업/경제,10,2.4,남해안상생발전
SURVEY9,전남,산업/경제,10,2.4,에너지고속도로 구축
SURVEY9,전남,산업/경제,10,2.4,바이오헬스 산업 육성
SURVEY9,전남,산업/경제,10,2.4,목포-신안 통합
SURVEY9,전남,산업/경제,11,2.3,공공기관추가이전
SURVEY9,전남,도시/지역발전,1,4.8,지역간 격차 해소
SURVEY9,전남,도시/지역발전,2,4.7,구도심 주거환경 개선
SURVEY9,전남,도시/지역발전,3,4.3,인구취약 지역 대응
SURVEY9,전남,도시/지역발전,3,4.3,호남고속철도 조기완공
SURVEY9,전남,도시/지역발전,4,4.2,전라선고속철도
SURVEY9,전남,도시/지역발전,5,3.9,전남형 공공임대주택공급
SURVEY9,전남,도시/지역발전,6,3.7,도시재생사업
SURVEY9,전남,도시/지역발전,7,3.6,청년자립기반지원
SURVEY9,전남,도시/지역발전,8,3.5,다도해해양관광도로조성
SURVEY9,전남,도시/지역발전,9,3.4,노후주택개보수
SURVEY9,전남,도시/지역발전,9,3.4,여수광양항 스마트복합항만 조성
SURVEY9,전남,도시/지역발전,10,3.1,스마트시티 조성
SURVEY9,전남,도시/지역발전,11,2.9,무안공항 기능확대
SURVEY9,전남,도시/지역발전,11,2.9,취약계층 주거환경 개선
SURVEY9,전남,도시/지역발전,11,2.9,청년주거
SURVEY9,전남,도시/지역발전,12,2.8,귀농어귀촌지원
SURVEY9,전남,도시/지역발전,12,2.8,청년창업지원
SURVEY9,전남,도시/지역발전,12,2.8,전통시장 정비
SURVEY9,전남,도시/지역발전,13,2.7,여수-남해해저터널
SURVEY9,전남,도시/지역발전,14,2.5,도시환경정비
SURVEY9,전남,사회복지/문화/여성가족/건강/보건,1,4.4,취약계층 복지서비스확충
SURVEY9,전남,사회복지/문화/여성가족/건강/보건,2,4.3,국립의과대학 설립
SURVEY9,전남,사회복지/문화/여성가족/건강/보건,3,4.2,다문화가정 지원
SURVEY9,전남,사회복지/문화/여성가족/건강/보건,4,3.9,국공립어린이집확충
SURVEY9,전남,사회복지/문화/여성가족/건강/보건,5,3.8,남해안해양관광벨트조성
SURVEY9,전남,사회복지/문화/여성가족/건강/보건,6,3.7,노인 일자리 확충
SURVEY9,전남,사회복지/문화/여성가족/건강/보건,6,3.7,여성일자리 창출
SURVEY9,전남,사회복지/문화/여성가족/건강/보건,7,3.4,생활체육시설 확충
SURVEY9,전남,사회복지/문화/여성가족/건강/보건,8,3.3,남부권역종합의료센터 건립
SURVEY9,전남,사회복지/문화/여성가족/건강/보건,9,3.2,여수세계박람회장개발
SURVEY9,전남,사회복지/문화/여성가족/건강/보건,10,3,경력단절여성 지원
SURVEY9,전남,사회복지/문화/여성가족/건강/보건,11,2.9,아동급식지원
SURVEY9,전남,사회복지/문화/여성가족/건강/보건,12,2.8,공공산후조리원확충
SURVEY9,전남,사회복지/문화/여성가족/건강/보건,13,2.7,국가첨단의료복합단지 조성
SURVEY9,전남,사회복지/문화/여성가족/건강/보건,13,2.7,지역의료보건체계구축
SURVEY9,전남,사회복지/문화/여성가족/건강/보건,13,2.7,역사-인문자원 발굴
SURVEY9,전남,사회복지/문화/여성가족/건강/보건,13,2.7,국립심뇌혈관센터 건립
SURVEY9,전남,사회복지/문화/여성가족/건강/보건,14,2.5,2023년 전국체전 지원
SURVEY9,전남,사회복지/문화/여성가족/건강/보건,14,2.5,코로나 피해 취약계층지원
SURVEY9,전남,사회복지/문화/여성가족/건강/보건,14,2.5,노인맞춤돌봄서비스
SURVEY9,전남,환경/소방/재난안전,1,5.3,생활폐기물 재활용 촉진
SURVEY9,전남,환경/소방/재난안전,2,5.1,재난피해 예방시설 확충
SURVEY9,전남,환경/소방/재난안전,3,4.9,생활폐기물 발생 저감
SURVEY9,전남,환경/소방/재난안전,4,4.7,국가갯벌습지정원 조성
SURVEY9,전남,환경/소방/재난안전,5,4.5,소방안전 인프라 확충
SURVEY9,전남,환경/소방/재난안전,6,4.4,부실공사방지
SURVEY9,전남,환경/소방/재난안전,7,4.2,산림환경보전
SURVEY9,전남,환경/소방/재난안전,8,4.1,교통사고 줄이기
SURVEY9,전남,환경/소방/재난안전,9,4,갯벌생태보전
SURVEY9,전남,환경/소방/재난안전,9,4,탄소중립도시
SURVEY9,전남,환경/소방/재난안전,10,3.7,산불예방
SURVEY9,전남,환경/소방/재난안전,10,3.7,친환경에너지보급
SURVEY9,전남,환경/소방/재난안전,10,3.7,영산강수질관리
SURVEY9,전남,환경/소방/재난안전,11,3.5,하수도정비
SURVEY9,전남,환경/소방/재난안전,12,3.2,영농폐기물 발생 저감
SURVEY9,전남,환경/소방/재난안전,12,3.2,치안유지
SURVEY9,전남,환경/소방/재난안전,13,3.1,세계자연유산센터 건립
SURVEY9,전남,환경/소방/재난안전,14,3,여성 및 사회적 약자 안전 증진
SURVEY9,전남,환경/소방/재난안전,14,3,이차전지 재자원화
SURVEY9,전남,환경/소방/재난안전,15,2.9,친환경자동차보급
SURVEY9,경북,산업/경제,1,4.5,농산물수급안정
SURVEY9,경북,산업/경제,2,4.4,"그린수소 생산, 실증단지 구축"
SURVEY9,경북,산업/경제,2,4.4,코로나 손실보상
SURVEY9,경북,산업/경제,2,4.4,지역인재채용
SURVEY9,경북,산업/경제,3,4.1,대구경북신공항 첨단 특화단지 조성
SURVEY9,경북,산업/경제,4,4,가축방역
SURVEY9,경북,산업/경제,4,4,미래자동차 디지털 핵심 전장시스템 기반육성
SURVEY9,경북,산업/경제,4,4,경북스마트 농업클러스터 구축
SURVEY9,경북,산업/경제,5,3.9,농산물 가격보존
SURVEY9,경북,산업/경제,5,3.9,사회적경제 공제조합 육성
SURVEY9,경북,산업/경제,6,3.4,중소영세 자영업자 생계 지원
SURVEY9,경북,산업/경제,7,3.1,고령친화적사업장구축
SURVEY9,경북,산업/경제,7,3.1,동식물검역
SURVEY9,경북,산업/경제,8,3,가축백신지원
SURVEY9,경북,산업/경제,9,2.8,청년고용할당
SURVEY9,경북,산업/경제,9,2.8,포항 신항 수소 복합터미널 구축
SURVEY9,경북,산업/경제,10,2.7,자연재난시 농가구호
SURVEY9,경북,산업/경제,10,2.7,혁신형 벤처타운 조성
SURVEY9,경북,산업/경제,11,2.6,경북에너지공사 설립
SURVEY9,경북,산업/경제,12,2.5,농산물위생검사
SURVEY9,경북,도시/지역발전,1,6.5,일자리창출
SURVEY9,경북,도시/지역발전,2,5.6,지역소멸 대책
SURVEY9,경북,도시/지역발전,3,5.5,주거환경개선
SURVEY9,경북,도시/지역발전,4,5.2,대구경북선 광역철도 건설
SURVEY9,경북,도시/지역발전,5,5,구도심 재생
SURVEY9,경북,도시/지역발전,6,4.8,대구경북신공항 건설
SURVEY9,경북,도시/지역발전,6,4.8,"재개발,재건축 활성화"
SURVEY9,경북,도시/지역발전,7,4.6,공공주택 건설
SURVEY9,경북,도시/지역발전,8,4.2,대구경북신공항 연계교통망 구축
SURVEY9,경북,도시/지역발전,9,4,중앙선 복선전철화
SURVEY9,경북,도시/지역발전,10,3.9,수요응답형 통합교동체계 구축
SURVEY9,경북,도시/지역발전,10,3.9,청년인구유입
SURVEY9,경북,도시/지역발전,11,3.7,폐교 및 폐역사 등 유휴자원 활용
SURVEY9,경북,도시/지역발전,12,3.4,교통불균형 해소
SURVEY9,경북,도시/지역발전,13,3,동해선 철도 복선전철화
SURVEY9,경북,도시/지역발전,13,3,전통시장 정비
SURVEY9,경북,도시/지역발전,13,3,임대주택 확충
SURVEY9,경북,도시/지역발전,14,2.9,생활인구확대
SURVEY9,경북,도시/지역발전,14,2.9,영일만 횡단 고속도로
SURVEY9,경북,도시/지역발전,15,2.5,KTX 구미역 신설
SURVEY9,경북,사회복지/문화/여성가족/건강/보건,1,5.4,공공의료 불균형 해소
SURVEY9,경북,사회복지/문화/여성가족/건강/보건,1,5.4,국공립어린이집 확대
SURVEY9,경북,사회복지/문화/여성가족/건강/보건,2,5.2,노인전문병원 및 치매병원 설치
SURVEY9,경북,사회복지/문화/여성가족/건강/보건,3,4.7,생활스포츠 인프라확충
SURVEY9,경북,사회복지/문화/여성가족/건강/보건,4,4.4,지역의료보건체계 구축
SURVEY9,경북,사회복지/문화/여성가족/건강/보건,5,4.3,육아 기본수당 확대
SURVEY9,경북,사회복지/문화/여성가족/건강/보건,6,4.1,무료예방접종 도입
SURVEY9,경북,사회복지/문화/여성가족/건강/보건,7,4,공공산후조리원 설립
SURVEY9,경북,사회복지/문화/여성가족/건강/보건,8,3.6,장애인일자리확대
SURVEY9,경북,사회복지/문화/여성가족/건강/보건,9,3.4,지역건강 돌봄시스템 구축
SURVEY9,경북,사회복지/문화/여성가족/건강/보건,10,3.3,K-컨텐츠산업 진흥
SURVEY9,경북,사회복지/문화/여성가족/건강/보건,10,3.3,종합병원 설립
SURVEY9,경북,사회복지/문화/여성가족/건강/보건,11,3.2,장애인복지지설 확대
SURVEY9,경북,사회복지/문화/여성가족/건강/보건,12,3.1,K-관광컨텐츠 개발
SURVEY9,경북,사회복지/문화/여성가족/건강/보건,12,3.1,무상아침급식
SURVEY9,경북,사회복지/문화/여성가족/건강/보건,12,3.1,국제스포츠대회 유치
SURVEY9,경북,사회복지/문화/여성가족/건강/보건,13,3,국립공공보건의료대학 유치
SURVEY9,경북,사회복지/문화/여성가족/건강/보건,13,3,낙동 문화탐방 플랫폼 조성
SURVEY9,경북,사회복지/문화/여성가족/건강/보건,14,2.9,생리대지원
SURVEY9,경북,사회복지/문화/여성가족/건강/보건,15,2.8,저상버스 보급 확대
SURVEY9,경북,환경/소방/재난안전,1,5.8,폐기물 처리시설 확충
SURVEY9,경북,환경/소방/재난안전,2,5.4,CCTV 설치
SURVEY9,경북,환경/소방/재난안전,3,4.8,낙동강 수질 개선
SURVEY9,경북,환경/소방/재난안전,4,4.6,낙동강 생태복원
SURVEY9,경북,환경/소방/재난안전,4,4.6,폐기물 재활용 활성화
SURVEY9,경북,환경/소방/재난안전,5,4.4,소방공무원 근무여건 개선
SURVEY9,경북,환경/소방/재난안전,6,4.3,미세플라스틱 저감
SURVEY9,경북,환경/소방/재난안전,7,4.2,탄소중립 에너지 미래관 건립
SURVEY9,경북,환경/소방/재난안전,8,4.1,미세먼지 저감
SURVEY9,경북,환경/소방/재난안전,8,4.1,여성안심귀가서비스
SURVEY9,경북,환경/소방/재난안전,9,3.9,경북지역 초대형 산불진화 헬기보강
SURVEY9,경북,환경/소방/재난안전,9,3.9,하수처리장 증설 및 개량
SURVEY9,경북,환경/소방/재난안전,10,3.8,국립 백두대간 생추어리 조성
SURVEY9,경북,환경/소방/재난안전,11,3.7,경북 산불특수진화대 설치
SURVEY9,경북,환경/소방/재난안전,12,3.5,빅데이터 기반 재난 정보시스템
SURVEY9,경북,환경/소방/재난안전,12,3.5,재활용품 공공기관 의무구매
SURVEY9,경북,환경/소방/재난안전,12,3.5,업사이클 지원
SURVEY9,경북,환경/소방/재난안전,12,3.5,수질유해물질 배출량 저감
SURVEY9,경북,환경/소방/재난안전,13,3.4,호미곶 국가해양정원 조성
SURVEY9,경북,환경/소방/재난안전,14,3.2,울산산불피해 복구 및 지원
SURVEY9,경북,정치/행정자치,1,15.1,지방정부 재정자립성
SURVEY9,경북,정치/행정자치,2,12.5,대구경북 행정통합
SURVEY9,경북,정치/행정자치,3,11.6,경상북도 교육혁신 시범도시 조성
SURVEY9,경북,정치/행정자치,4,10.8,공공기관 지역인재 의무채용
SURVEY9,경북,정치/행정자치,5,9.3,지방의회 역량강화
SURVEY9,경북,정치/행정자치,6,8.8,공공기관이전
SURVEY9,경북,정치/행정자치,7,8.6,의과대학 설립
SURVEY9,경북,정치/행정자치,8,7.9,지방대학 지원
SURVEY9,경북,정치/행정자치,9,6.4,원전건설중단 피해지원 및 보상 특별볍 제정
SURVEY9,경북,정치/행정자치,10,5.5,DGIST 경북캠퍼스 설치
SURVEY9,경북,정치/행정자치,11,3.6,대구특별광역시 설치
SURVEY9,경남,산업/경제,1,5.3,농축산 브랜드 육성/명품화
SURVEY9,경남,산업/경제,2,4.6,카드 수수료 제로화
SURVEY9,경남,산업/경제,3,4.3,시설 현대화
SURVEY9,경남,산업/경제,4,4.2,스타트업 지원
SURVEY9,경남,산업/경제,5,3.7,수소경제플랫폼 구축
SURVEY9,경남,산업/경제,5,3.7,첨단소재부품산업
SURVEY9,경남,산업/경제,6,3.6,청년농업인 지원
SURVEY9,경남,산업/경제,7,3.2,5G국가선도사업 유치
SURVEY9,경남,산업/경제,8,3.1,한국형 원전산업 복원
SURVEY9,경남,산업/경제,8,3.1,협력사 임금격차 해소
SURVEY9,경남,산업/경제,9,2.9,IOT 산업 육성
SURVEY9,경남,산업/경제,9,2.9,청년일거리플러스 플랫폼
SURVEY9,경남,산업/경제,10,2.8,경남항만공사 설립
SURVEY9,경남,산업/경제,10,2.8,행복일자리 적금
SURVEY9,경남,산업/경제,10,2.8,해양플랜트 국가산단
SURVEY9,경남,산업/경제,10,2.8,지역인재 채용할당제 확대
SURVEY9,경남,산업/경제,11,2.7,해상풍력설비 특화단지 구축
SURVEY9,경남,산업/경제,12,2.6,제2신항 조기착공
SURVEY9,경남,산업/경제,13,2.5,재해보조비율 확대
SURVEY9,경남,산업/경제,13,2.5,친환경 선박클러스터
SURVEY9,경남,도시/지역발전,1,4.9,부동산 가격 안정
SURVEY9,경남,도시/지역발전,2,4.8,마창대교 통행료 인하
SURVEY9,경남,도시/지역발전,3,4.7,거가대교 통행료 인하
SURVEY9,경남,도시/지역발전,4,4.5,고속철도(KTX) 노선 확충
SURVEY9,경남,도시/지역발전,4,4.5,영호남 1시간 생활권 구축
SURVEY9,경남,도시/지역발전,4,4.5,난개발 방지
SURVEY9,경남,도시/지역발전,5,4.3,환승 할인
SURVEY9,경남,도시/지역발전,6,4,토지거래허가구역 투기지역 지정
SURVEY9,경남,도시/지역발전,7,3.7,공공임대주택 확충
SURVEY9,경남,도시/지역발전,8,3.6,지역산업 생태계 강화
SURVEY9,경남,도시/지역발전,8,3.6,혁신도시 정주여건 강화
SURVEY9,경남,도시/지역발전,9,3.4,광역대중교통
SURVEY9,경남,도시/지역발전,9,3.4,취약계층 주거지원
SURVEY9,경남,도시/지역발전,9,3.4,부울경 혁신도시 네트워크 구축
SURVEY9,경남,도시/지역발전,10,3.1,G-시티(경남형 첨단산업연구개발단지) 구축
SURVEY9,경남,도시/지역발전,10,3.1,청년내일주택
SURVEY9,경남,도시/지역발전,11,3,미래인재양성
SURVEY9,경남,도시/지역발전,12,2.9,비행안전 고도 제한 완화
SURVEY9,경남,도시/지역발전,13,2.7,전철 확대
SURVEY9,경남,도시/지역발전,13,2.7,항공우주 혁신타운 조성
SURVEY9,경남,사회복지/문화/여성가족/건강/보건,1,4.6,전면 무상 급식
SURVEY9,경남,사회복지/문화/여성가족/건강/보건,2,4.5,문화관광권 조성
SURVEY9,경남,사회복지/문화/여성가족/건강/보건,3,4.3,지역응급의료센터 확충
SURVEY9,경남,사회복지/문화/여성가족/건강/보건,4,4,국공립 및 공공형 어린이집 확대
SURVEY9,경남,사회복지/문화/여성가족/건강/보건,4,4,노인 일자리 확충
SURVEY9,경남,사회복지/문화/여성가족/건강/보건,5,3.7,노인 맞춤돌봄 서비스
SURVEY9,경남,사회복지/문화/여성가족/건강/보건,6,3.5,섬진강문화예술벨트 조성
SURVEY9,경남,사회복지/문화/여성가족/건강/보건,6,3.5,해양관광 활성화
SURVEY9,경남,사회복지/문화/여성가족/건강/보건,6,3.5,지리산권 힐링관광휴양벨트 조성
SURVEY9,경남,사회복지/문화/여성가족/건강/보건,7,3.4,재활병원 및 건강검진기관 유치
SURVEY9,경남,사회복지/문화/여성가족/건강/보건,8,3.2,교복 무상 지원
SURVEY9,경남,사회복지/문화/여성가족/건강/보건,9,3.1,복지문화관 확충
SURVEY9,경남,사회복지/문화/여성가족/건강/보건,9,3.1,중장년 여성 희망 일자리 창출 지원
SURVEY9,경남,사회복지/문화/여성가족/건강/보건,10,3,여성능력개발센터 기능 강화
SURVEY9,경남,사회복지/문화/여성가족/건강/보건,10,3,초등돌봄안전교실 책임 운영
SURVEY9,경남,사회복지/문화/여성가족/건강/보건,11,2.8,서부경남 의료복지타운 조성
SURVEY9,경남,사회복지/문화/여성가족/건강/보건,11,2.8,여성안전망 구축
SURVEY9,경남,사회복지/문화/여성가족/건강/보건,12,2.7,국가 문화재 지정 및 승격
SURVEY9,경남,사회복지/문화/여성가족/건강/보건,12,2.7,섬 문화예술 행사 활성화
SURVEY9,경남,사회복지/문화/여성가족/건강/보건,13,2.6,등하교 안심알리미
SURVEY9,경남,환경/소방/재난안전,1,5,도시숲/마을숲 조성
SURVEY9,경남,환경/소방/재난안전,2,4.8,상수원 수질 관리
SURVEY9,경남,환경/소방/재난안전,3,4.6,하천정비
SURVEY9,경남,환경/소방/재난안전,4,4.5,대형산불 예방
SURVEY9,경남,환경/소방/재난안전,4,4.5,소방장비 현대화
SURVEY9,경남,환경/소방/재난안전,5,4.3,산불예방
SURVEY9,경남,환경/소방/재난안전,6,3.6,응급의료체계 확충
SURVEY9,경남,환경/소방/재난안전,7,3.5,해양쓰레기 수거
SURVEY9,경남,환경/소방/재난안전,8,3.4,생태관광 활성화
SURVEY9,경남,환경/소방/재난안전,9,3.3,부실공사 예방
SURVEY9,경남,환경/소방/재난안전,10,3.2,친환경 건축 지원
SURVEY9,경남,환경/소방/재난안전,11,3.1,친환경 자동차 보급 확대
SURVEY9,경남,환경/소방/재난안전,12,3,그린벨트 관리
SURVEY9,경남,환경/소방/재난안전,12,3,지하수 보호
SURVEY9,경남,환경/소방/재난안전,12,3,미세먼지 저감
SURVEY9,경남,환경/소방/재난안전,13,2.9,신재생 에너지 확대
SURVEY9,경남,환경/소방/재난안전,14,2.8,고령자 교통안전
SURVEY9,경남,환경/소방/재난안전,14,2.8,일회용품 저감
SURVEY9,경남,환경/소방/재난안전,14,2.8,어린이 통학로 안전
SURVEY9,경남,환경/소방/재난안전,14,2.8,사회적 약자 안전 증진
SURVEY9,경남,정치/행정자치,1,10.9,주민참여 확대
SURVEY9,경남,정치/행정자치,2,10.7,부울경 통합환승체계 도입
SURVEY9,경남,정치/행정자치,3,9.6,주민자치위원회 활성화
SURVEY9,경남,정치/행정자치,4,7.9,광역철도망 구축
SURVEY9,경남,정치/행정자치,5,7.2,광역도로망 구축
SURVEY9,경남,정치/행정자치,5,7.2,남부권 광역관광개발
SURVEY9,경남,정치/행정자치,6,5.7,민관협치 기본계획 수립
SURVEY9,경남,정치/행정자치,6,5.7,자치경찰제 강화
SURVEY9,경남,정치/행정자치,7,5.3,광역 급행열차 도입
SURVEY9,경남,정치/행정자치,8,5.2,마을공동체 육성
SURVEY9,경남,정치/행정자치,9,4.8,부울경 광역공동사무 발굴
SURVEY9,경남,정치/행정자치,9,4.8,진주-울산 준고속열차 연장 운행
SURVEY9,경남,정치/행정자치,10,4.2,지방의회 입법역량 강화
SURVEY9,경남,정치/행정자치,11,3.9,위원회 정비
SURVEY9,경남,정치/행정자치,12,3.6,자치입법권 확대
SURVEY9,경남,정치/행정자치,13,3.2,광역BRT 도입
SURVEY9,제주,산업/경제,1,4.9,수산자원보존
SURVEY9,제주,산업/경제,1,4.9,에너지신산업 육성
SURVEY9,제주,산업/경제,2,4.5,농산물가격안정
SURVEY9,제주,산업/경제,3,4.2,탐나는전(지역화폐)
SURVEY9,제주,산업/경제,3,4.2,해양물류운송비지원
SURVEY9,제주,산업/경제,4,4,청년일자리창출
SURVEY9,제주,산업/경제,5,3.7,창업인프라 구축
SURVEY9,제주,산업/경제,6,3.5,불안정고용계층 지원
SURVEY9,제주,산업/경제,7,3.3,산-학-연 연계 청년인재 교육체계 구축
SURVEY9,제주,산업/경제,8,3.1,방역체계구축
SURVEY9,제주,산업/경제,8,3.1,축산환경 및 생산-가공시절 개선
SURVEY9,제주,산업/경제,8,3.1,수요중심 인력양성
SURVEY9,제주,산업/경제,9,2.8,중소기업 경쟁력 강화
SURVEY9,제주,산업/경제,9,2.8,코로나피해소상공인지원
SURVEY9,제주,산업/경제,10,2.6,디지털격차 감소
SURVEY9,제주,산업/경제,10,2.6,중소기업 해외진출 지원
SURVEY9,제주,산업/경제,10,2.6,수산물 유통체계 구축
SURVEY9,제주,산업/경제,11,2.4,바이오헬스산업 육성
SURVEY9,제주,산업/경제,11,2.4,축산물 수출지원사업
SURVEY9,제주,산업/경제,11,2.4,산업별 인력교육 강화
SURVEY9,제주,도시/지역발전,1,4.8,도심주차난 해소
SURVEY9,제주,도시/지역발전,1,4.8,지역균형개발
SURVEY9,제주,도시/지역발전,2,4.3,제주국가항만 인프라확충
SURVEY9,제주,도시/지역발전,3,4.2,대중교통 이용자 지원 확대
SURVEY9,제주,도시/지역발전,3,4.2,도내외 광역물류서비스 개선
SURVEY9,제주,도시/지역발전,4,4.1,구도심 주거환경 개선
SURVEY9,제주,도시/지역발전,5,3.9,도서지역 해상교통
SURVEY9,제주,도시/지역발전,6,3.6,난개발방지
SURVEY9,제주,도시/지역발전,6,3.6,제주순환도로체계 수립
SURVEY9,제주,도시/지역발전,7,3.5,주택시장 안정화
SURVEY9,제주,도시/지역발전,8,3.3,제주공항공사 설립
SURVEY9,제주,도시/지역발전,9,3.2,해상교통안전
SURVEY9,제주,도시/지역발전,10,3.1,지능형 물류연계체계구성
SURVEY9,제주,도시/지역발전,11,2.9,국제카페리 활성화
SURVEY9,제주,도시/지역발전,11,2.9,노후주택재개발
SURVEY9,제주,도시/지역발전,12,2.8,구도심재생사업
SURVEY9,제주,도시/지역발전,13,2.6,공공임대주택확충
SURVEY9,제주,도시/지역발전,13,2.6,제2공항 건립
SURVEY9,제주,도시/지역발전,13,2.6,공영버스 확대
SURVEY9,제주,도시/지역발전,14,2.5,대중교통급행버스 확대
SURVEY9,제주,사회복지/문화/여성가족/건강/보건,1,4.7,공공체육시설 확충
SURVEY9,제주,사회복지/문화/여성가족/건강/보건,2,4.4,공공돌봄기능 강화
SURVEY9,제주,사회복지/문화/여성가족/건강/보건,2,4.4,지역공존형 관광개발
SURVEY9,제주,사회복지/문화/여성가족/건강/보건,2,4.4,제주형기본소득 실시
SURVEY9,제주,사회복지/문화/여성가족/건강/보건,3,4.3,감염병전문병원 건립
SURVEY9,제주,사회복지/문화/여성가족/건강/보건,3,4.3,지역의료보건체계 구축
SURVEY9,제주,사회복지/문화/여성가족/건강/보건,3,4.3,노인 관련 인프라확충
SURVEY9,제주,사회복지/문화/여성가족/건강/보건,4,4.2,취약계층 복지접근성 강화
SURVEY9,제주,사회복지/문화/여성가족/건강/보건,4,4.2,취약계층 의료접근성 강화
SURVEY9,제주,사회복지/문화/여성가족/건강/보건,5,4.1,무료예방접종도입
SURVEY9,제주,사회복지/문화/여성가족/건강/보건,6,3.9,노인 이동편의성 확대
SURVEY9,제주,사회복지/문화/여성가족/건강/보건,7,3.7,중증환자 치료인프라 확충
SURVEY9,제주,사회복지/문화/여성가족/건강/보건,8,3.5,제주첨단의료복합단지 조성
SURVEY9,제주,사회복지/문화/여성가족/건강/보건,9,3.3,다문화 교육 강화
SURVEY9,제주,사회복지/문화/여성가족/건강/보건,10,3.2,감염병 대응역량 강화
SURVEY9,제주,사회복지/문화/여성가족/건강/보건,10,3.2,장애인이동권보장
SURVEY9,제주,사회복지/문화/여성가족/건강/보건,11,3.1,육아지원금
SURVEY9,제주,사회복지/문화/여성가족/건강/보건,11,3.1,제주대학병원 상급종합병원 지정
SURVEY9,제주,사회복지/문화/여성가족/건강/보건,12,3,제주문화자원 발굴
SURVEY9,제주,사회복지/문화/여성가족/건강/보건,13,2.8,스포츠전지훈련팀 유치확대
SURVEY9,제주,환경/소방/재난안전,1,4.8,재활용산업 활성화
SURVEY9,제주,환경/소방/재난안전,1,4.8,해양쓰레기수거처리시설확충
SURVEY9,제주,환경/소방/재난안전,2,4.7,재난대응체계고도화
SURVEY9,제주,환경/소방/재난안전,3,4.5,해양쓰레기감소
SURVEY9,제주,환경/소방/재난안전,4,4.3,지하수보호
SURVEY9,제주,환경/소방/재난안전,5,4.2,습지보호
SURVEY9,제주,환경/소방/재난안전,6,3.9,하수처리개선
SURVEY9,제주,환경/소방/재난안전,7,3.8,신속한 재난대응체계구축
SURVEY9,제주,환경/소방/재난안전,7,3.8,육상 및 해양오염 피해 방지
SURVEY9,제주,환경/소방/재난안전,8,3.7,우수 자연자원 보전지역 확대
SURVEY9,제주,환경/소방/재난안전,9,3.5,재생에너지 사용확대
SURVEY9,제주,환경/소방/재난안전,10,3.4,산림치유 공간 확대
SURVEY9,제주,환경/소방/재난안전,10,3.4,응급의료시스템 개선
SURVEY9,제주,환경/소방/재난안전,11,3.3,부실공사방지
SURVEY9,제주,환경/소방/재난안전,11,3.3,제주국립공원확대지정
SURVEY9,제주,환경/소방/재난안전,11,3.3,생태관광활성화
SURVEY9,제주,환경/소방/재난안전,12,3.2,안전망 강화
SURVEY9,제주,환경/소방/재난안전,13,3.1,경관자원 관리
SURVEY9,제주,환경/소방/재난안전,14,3,미세먼지저감
SURVEY9,제주,환경/소방/재난안전,14,3,치안유지
SURVEY9,제주,정치/행정자치,1,10.9,4.3희생자지원
SURVEY9,제주,정치/행정자치,2,10.8,제주특별행정지원청설치
SURVEY9,제주,정치/행정자치,3,10.3,주민정책참여활성화
SURVEY9,제주,정치/행정자치,4,9.6,4.3진상조사
SURVEY9,제주,정치/행정자치,5,9.1,제주국제교류센터 설립
SURVEY9,제주,정치/행정자치,5,9.1,해외 도시와 교류강화
SURVEY9,제주,정치/행정자치,6,8.8,주민자치회 활성화
SURVEY9,제주,정치/행정자치,7,7.5,주민자치센터활성화
SURVEY9,제주,정치/행정자치,8,7.2,4.3추모제
SURVEY9,제주,정치/행정자치,9,6.1,제주포럼 경쟁력 강화
SURVEY9,제주,정치/행정자치,10,5.7,행정시장러닝메이트제
SURVEY9,제주,정치/행정자치,11,4.8,제주지방법원서귀포지원설치
