source_id,category,title,text_status,hangul_ratio,weird_ratio,official_url,pdf_path,safe_id,markdown_path
candidate-doc:100158996:1,구·시·군의 장선거 / 선거공보,구·시·군의 장선거 성동구 고재현 선거공보,suspiciously_short_text,0.0960,0,https://policy.nec.go.kr/plc/common/downloadFile.do?requestedFileName=20260603_%EC%84%B1%EB%8F%99%EA%B5%AC_%EA%B3%A0%EC%9E%AC%ED%98%84_%EC%84%A0%EA%B1%B0%EA%B3%B5%EB%B3%B4.pdf&requestedFullPath=20260603/PDF/PBINFO/1104/003_100158996_20260528_1.pdf,C:\Users\treyl\Documents\Obsidian\Second_Brain\output\nec_2026_local_election_opencrab\github_repo_nec_2026_local_election_opencrab\supplements\official_gap_recovery_2026\recheck_2026-05-29\direct_nec_downloads\documents\candidate-doc_100158996_1.pdf,candidate-doc_100158996_1,C:\Users\treyl\Documents\Obsidian\Second_Brain\output\nec_2026_local_election_opencrab\github_repo_nec_2026_local_election_opencrab\supplements\official_gap_recovery_2026\recheck_2026-05-29\direct_nec_downloads\markdown\candidate-doc_100158996_1.md
candidate-doc:100154117:2,구·시·군의 장선거 / 선거공약서,구·시·군의 장선거 강릉시 김동기 선거공약서,suspiciously_short_text,0.7500,0,https://policy.nec.go.kr/plc/common/downloadFile.do?requestedFileName=20260603_%EA%B0%95%EB%A6%89%EC%8B%9C_%EA%B9%80%EB%8F%99%EA%B8%B0_%EC%84%A0%EA%B1%B0%EA%B3%B5%EC%95%BD%EC%84%9C.pdf&requestedFullPath=20260603/PDF/PRMS_DOC_PUB/5203/004_100154117_20260528_1.pdf,C:\Users\treyl\Documents\Obsidian\Second_Brain\output\nec_2026_local_election_opencrab\github_repo_nec_2026_local_election_opencrab\supplements\official_gap_recovery_2026\recheck_2026-05-29\direct_nec_downloads\documents\candidate-doc_100154117_2.pdf,candidate-doc_100154117_2,C:\Users\treyl\Documents\Obsidian\Second_Brain\output\nec_2026_local_election_opencrab\github_repo_nec_2026_local_election_opencrab\supplements\official_gap_recovery_2026\recheck_2026-05-29\direct_nec_downloads\markdown\candidate-doc_100154117_2.md
candidate-doc:100165590:1,구·시·군의 장선거 / 선거공보,구·시·군의 장선거 김제시 이병철 선거공보,suspiciously_short_text,0.1491,0,https://policy.nec.go.kr/plc/common/downloadFile.do?requestedFileName=20260603_%EA%B9%80%EC%A0%9C%EC%8B%9C_%EC%9D%B4%EB%B3%91%EC%B2%A0_%EC%84%A0%EA%B1%B0%EA%B3%B5%EB%B3%B4.pdf&requestedFullPath=20260603/PDF/PBINFO/5309/003_100165590_20260523_1.pdf,C:\Users\treyl\Documents\Obsidian\Second_Brain\output\nec_2026_local_election_opencrab\github_repo_nec_2026_local_election_opencrab\supplements\official_gap_recovery_2026\recheck_2026-05-29\direct_nec_downloads\documents\candidate-doc_100165590_1.pdf,candidate-doc_100165590_1,C:\Users\treyl\Documents\Obsidian\Second_Brain\output\nec_2026_local_election_opencrab\github_repo_nec_2026_local_election_opencrab\supplements\official_gap_recovery_2026\recheck_2026-05-29\direct_nec_downloads\markdown\candidate-doc_100165590_1.md
candidate-doc:100164071:1,시·도의회의원선거 / 선거공보,시·도의회의원선거 서구제3선거구 김형남 선거공보,suspiciously_short_text,0.8750,0,https://policy.nec.go.kr/plc/common/downloadFile.do?requestedFileName=20260603_%EC%84%9C%EA%B5%AC%EC%A0%9C3%EC%84%A0%EA%B1%B0%EA%B5%AC_%EA%B9%80%ED%98%95%EB%82%A8_%EC%84%A0%EA%B1%B0%EA%B3%B5%EB%B3%B4.pdf&requestedFullPath=20260603/PDF/PBINFO/2902/003_100164071_20260525_1.pdf,C:\Users\treyl\Documents\Obsidian\Second_Brain\output\nec_2026_local_election_opencrab\github_repo_nec_2026_local_election_opencrab\supplements\official_gap_recovery_2026\recheck_2026-05-29\direct_nec_downloads\documents\candidate-doc_100164071_1.pdf,candidate-doc_100164071_1,C:\Users\treyl\Documents\Obsidian\Second_Brain\output\nec_2026_local_election_opencrab\github_repo_nec_2026_local_election_opencrab\supplements\official_gap_recovery_2026\recheck_2026-05-29\direct_nec_downloads\markdown\candidate-doc_100164071_1.md
candidate-doc:100155476:1,시·도의회의원선거 / 선거공보,시·도의회의원선거 파주시제2선거구 손희정 선거공보,suspiciously_short_text,0.1930,0,https://policy.nec.go.kr/plc/common/downloadFile.do?requestedFileName=20260603_%ED%8C%8C%EC%A3%BC%EC%8B%9C%EC%A0%9C2%EC%84%A0%EA%B1%B0%EA%B5%AC_%EC%86%90%ED%9D%AC%EC%A0%95_%EC%84%A0%EA%B1%B0%EA%B3%B5%EB%B3%B4.pdf&requestedFullPath=20260603/PDF/PBINFO/4132/003_100155476_20260522_1.pdf,C:\Users\treyl\Documents\Obsidian\Second_Brain\output\nec_2026_local_election_opencrab\github_repo_nec_2026_local_election_opencrab\supplements\official_gap_recovery_2026\recheck_2026-05-29\direct_nec_downloads\documents\candidate-doc_100155476_1.pdf,candidate-doc_100155476_1,C:\Users\treyl\Documents\Obsidian\Second_Brain\output\nec_2026_local_election_opencrab\github_repo_nec_2026_local_election_opencrab\supplements\official_gap_recovery_2026\recheck_2026-05-29\direct_nec_downloads\markdown\candidate-doc_100155476_1.md
candidate-doc:100162744:1,시·도의회의원선거 / 선거공보,시·도의회의원선거 파주시제3선거구 손성익 선거공보,suspiciously_short_text,0.1930,0,https://policy.nec.go.kr/plc/common/downloadFile.do?requestedFileName=20260603_%ED%8C%8C%EC%A3%BC%EC%8B%9C%EC%A0%9C3%EC%84%A0%EA%B1%B0%EA%B5%AC_%EC%86%90%EC%84%B1%EC%9D%B5_%EC%84%A0%EA%B1%B0%EA%B3%B5%EB%B3%B4.pdf&requestedFullPath=20260603/PDF/PBINFO/4132/003_100162744_20260522_1.pdf,C:\Users\treyl\Documents\Obsidian\Second_Brain\output\nec_2026_local_election_opencrab\github_repo_nec_2026_local_election_opencrab\supplements\official_gap_recovery_2026\recheck_2026-05-29\direct_nec_downloads\documents\candidate-doc_100162744_1.pdf,candidate-doc_100162744_1,C:\Users\treyl\Documents\Obsidian\Second_Brain\output\nec_2026_local_election_opencrab\github_repo_nec_2026_local_election_opencrab\supplements\official_gap_recovery_2026\recheck_2026-05-29\direct_nec_downloads\markdown\candidate-doc_100162744_1.md
candidate-doc:100154163:1,구·시·군의회의원선거 / 선거공보,구·시·군의회의원선거 서구가선거구 이기성 선거공보,suspiciously_short_text,0.1930,0,https://policy.nec.go.kr/plc/common/downloadFile.do?requestedFileName=20260603_%EC%84%9C%EA%B5%AC%EA%B0%80%EC%84%A0%EA%B1%B0%EA%B5%AC_%EC%9D%B4%EA%B8%B0%EC%84%B1_%EC%84%A0%EA%B1%B0%EA%B3%B5%EB%B3%B4.pdf&requestedFullPath=20260603/PDF/PBINFO/2902/003_100154163_20260524_1.pdf,C:\Users\treyl\Documents\Obsidian\Second_Brain\output\nec_2026_local_election_opencrab\github_repo_nec_2026_local_election_opencrab\supplements\official_gap_recovery_2026\recheck_2026-05-29\direct_nec_downloads\documents\candidate-doc_100154163_1.pdf,candidate-doc_100154163_1,C:\Users\treyl\Documents\Obsidian\Second_Brain\output\nec_2026_local_election_opencrab\github_repo_nec_2026_local_election_opencrab\supplements\official_gap_recovery_2026\recheck_2026-05-29\direct_nec_downloads\markdown\candidate-doc_100154163_1.md
candidate-doc:100157532:1,구·시·군의회의원선거 / 선거공보,구·시·군의회의원선거 서구가선거구 김수영 선거공보,suspiciously_short_text,0.4074,0,https://policy.nec.go.kr/plc/common/downloadFile.do?requestedFileName=20260603_%EC%84%9C%EA%B5%AC%EA%B0%80%EC%84%A0%EA%B1%B0%EA%B5%AC_%EA%B9%80%EC%88%98%EC%98%81_%EC%84%A0%EA%B1%B0%EA%B3%B5%EB%B3%B4.pdf&requestedFullPath=20260603/PDF/PBINFO/2902/003_100157532_20260525_1.pdf,C:\Users\treyl\Documents\Obsidian\Second_Brain\output\nec_2026_local_election_opencrab\github_repo_nec_2026_local_election_opencrab\supplements\official_gap_recovery_2026\recheck_2026-05-29\direct_nec_downloads\documents\candidate-doc_100157532_1.pdf,candidate-doc_100157532_1,C:\Users\treyl\Documents\Obsidian\Second_Brain\output\nec_2026_local_election_opencrab\github_repo_nec_2026_local_election_opencrab\supplements\official_gap_recovery_2026\recheck_2026-05-29\direct_nec_downloads\markdown\candidate-doc_100157532_1.md
candidate-doc:100156698:1,구·시·군의회의원선거 / 선거공보,구·시·군의회의원선거 서구가선거구 양하길 선거공보,suspiciously_short_text,0.5641,0,https://policy.nec.go.kr/plc/common/downloadFile.do?requestedFileName=20260603_%EC%84%9C%EA%B5%AC%EA%B0%80%EC%84%A0%EA%B1%B0%EA%B5%AC_%EC%96%91%ED%95%98%EA%B8%B8_%EC%84%A0%EA%B1%B0%EA%B3%B5%EB%B3%B4.pdf&requestedFullPath=20260603/PDF/PBINFO/2902/003_100156698_20260525_1.pdf,C:\Users\treyl\Documents\Obsidian\Second_Brain\output\nec_2026_local_election_opencrab\github_repo_nec_2026_local_election_opencrab\supplements\official_gap_recovery_2026\recheck_2026-05-29\direct_nec_downloads\documents\candidate-doc_100156698_1.pdf,candidate-doc_100156698_1,C:\Users\treyl\Documents\Obsidian\Second_Brain\output\nec_2026_local_election_opencrab\github_repo_nec_2026_local_election_opencrab\supplements\official_gap_recovery_2026\recheck_2026-05-29\direct_nec_downloads\markdown\candidate-doc_100156698_1.md
candidate-doc:100156851:1,구·시·군의회의원선거 / 선거공보,구·시·군의회의원선거 서구나선거구 오병관 선거공보,suspiciously_short_text,0.9167,0,https://policy.nec.go.kr/plc/common/downloadFile.do?requestedFileName=20260603_%EC%84%9C%EA%B5%AC%EB%82%98%EC%84%A0%EA%B1%B0%EA%B5%AC_%EC%98%A4%EB%B3%91%EA%B4%80_%EC%84%A0%EA%B1%B0%EA%B3%B5%EB%B3%B4.pdf&requestedFullPath=20260603/PDF/PBINFO/2902/003_100156851_20260525_1.pdf,C:\Users\treyl\Documents\Obsidian\Second_Brain\output\nec_2026_local_election_opencrab\github_repo_nec_2026_local_election_opencrab\supplements\official_gap_recovery_2026\recheck_2026-05-29\direct_nec_downloads\documents\candidate-doc_100156851_1.pdf,candidate-doc_100156851_1,C:\Users\treyl\Documents\Obsidian\Second_Brain\output\nec_2026_local_election_opencrab\github_repo_nec_2026_local_election_opencrab\supplements\official_gap_recovery_2026\recheck_2026-05-29\direct_nec_downloads\markdown\candidate-doc_100156851_1.md
candidate-doc:100158479:1,구·시·군의회의원선거 / 선거공보,구·시·군의회의원선거 서구나선거구 임성화 선거공보,suspiciously_short_text,0.1930,0,https://policy.nec.go.kr/plc/common/downloadFile.do?requestedFileName=20260603_%EC%84%9C%EA%B5%AC%EB%82%98%EC%84%A0%EA%B1%B0%EA%B5%AC_%EC%9E%84%EC%84%B1%ED%99%94_%EC%84%A0%EA%B1%B0%EA%B3%B5%EB%B3%B4.pdf&requestedFullPath=20260603/PDF/PBINFO/2902/003_100158479_20260524_1.pdf,C:\Users\treyl\Documents\Obsidian\Second_Brain\output\nec_2026_local_election_opencrab\github_repo_nec_2026_local_election_opencrab\supplements\official_gap_recovery_2026\recheck_2026-05-29\direct_nec_downloads\documents\candidate-doc_100158479_1.pdf,candidate-doc_100158479_1,C:\Users\treyl\Documents\Obsidian\Second_Brain\output\nec_2026_local_election_opencrab\github_repo_nec_2026_local_election_opencrab\supplements\official_gap_recovery_2026\recheck_2026-05-29\direct_nec_downloads\markdown\candidate-doc_100158479_1.md
candidate-doc:100162877:1,구·시·군의회의원선거 / 선거공보,구·시·군의회의원선거 서구다선거구 김인성 선거공보,suspiciously_short_text,0.9167,0,https://policy.nec.go.kr/plc/common/downloadFile.do?requestedFileName=20260603_%EC%84%9C%EA%B5%AC%EB%8B%A4%EC%84%A0%EA%B1%B0%EA%B5%AC_%EA%B9%80%EC%9D%B8%EC%84%B1_%EC%84%A0%EA%B1%B0%EA%B3%B5%EB%B3%B4.pdf&requestedFullPath=20260603/PDF/PBINFO/2902/003_100162877_20260524_1.pdf,C:\Users\treyl\Documents\Obsidian\Second_Brain\output\nec_2026_local_election_opencrab\github_repo_nec_2026_local_election_opencrab\supplements\official_gap_recovery_2026\recheck_2026-05-29\direct_nec_downloads\documents\candidate-doc_100162877_1.pdf,candidate-doc_100162877_1,C:\Users\treyl\Documents\Obsidian\Second_Brain\output\nec_2026_local_election_opencrab\github_repo_nec_2026_local_election_opencrab\supplements\official_gap_recovery_2026\recheck_2026-05-29\direct_nec_downloads\markdown\candidate-doc_100162877_1.md
candidate-doc:100157609:1,구·시·군의회의원선거 / 선거공보,구·시·군의회의원선거 서구다선거구 백종한 선거공보,suspiciously_short_text,0.1930,0,https://policy.nec.go.kr/plc/common/downloadFile.do?requestedFileName=20260603_%EC%84%9C%EA%B5%AC%EB%8B%A4%EC%84%A0%EA%B1%B0%EA%B5%AC_%EB%B0%B1%EC%A2%85%ED%95%9C_%EC%84%A0%EA%B1%B0%EA%B3%B5%EB%B3%B4.pdf&requestedFullPath=20260603/PDF/PBINFO/2902/003_100157609_20260524_1.pdf,C:\Users\treyl\Documents\Obsidian\Second_Brain\output\nec_2026_local_election_opencrab\github_repo_nec_2026_local_election_opencrab\supplements\official_gap_recovery_2026\recheck_2026-05-29\direct_nec_downloads\documents\candidate-doc_100157609_1.pdf,candidate-doc_100157609_1,C:\Users\treyl\Documents\Obsidian\Second_Brain\output\nec_2026_local_election_opencrab\github_repo_nec_2026_local_election_opencrab\supplements\official_gap_recovery_2026\recheck_2026-05-29\direct_nec_downloads\markdown\candidate-doc_100157609_1.md
candidate-doc:100163903:1,구·시·군의회의원선거 / 선거공보,구·시·군의회의원선거 서구다선거구 이동춘 선거공보,suspiciously_short_text,0.4074,0,https://policy.nec.go.kr/plc/common/downloadFile.do?requestedFileName=20260603_%EC%84%9C%EA%B5%AC%EB%8B%A4%EC%84%A0%EA%B1%B0%EA%B5%AC_%EC%9D%B4%EB%8F%99%EC%B6%98_%EC%84%A0%EA%B1%B0%EA%B3%B5%EB%B3%B4.pdf&requestedFullPath=20260603/PDF/PBINFO/2902/003_100163903_20260525_1.pdf,C:\Users\treyl\Documents\Obsidian\Second_Brain\output\nec_2026_local_election_opencrab\github_repo_nec_2026_local_election_opencrab\supplements\official_gap_recovery_2026\recheck_2026-05-29\direct_nec_downloads\documents\candidate-doc_100163903_1.pdf,candidate-doc_100163903_1,C:\Users\treyl\Documents\Obsidian\Second_Brain\output\nec_2026_local_election_opencrab\github_repo_nec_2026_local_election_opencrab\supplements\official_gap_recovery_2026\recheck_2026-05-29\direct_nec_downloads\markdown\candidate-doc_100163903_1.md
candidate-doc:100155782:1,구·시·군의회의원선거 / 선거공보,구·시·군의회의원선거 서구라선거구 오지은 선거공보,suspiciously_short_text,0.4074,0,https://policy.nec.go.kr/plc/common/downloadFile.do?requestedFileName=20260603_%EC%84%9C%EA%B5%AC%EB%9D%BC%EC%84%A0%EA%B1%B0%EA%B5%AC_%EC%98%A4%EC%A7%80%EC%9D%80_%EC%84%A0%EA%B1%B0%EA%B3%B5%EB%B3%B4.pdf&requestedFullPath=20260603/PDF/PBINFO/2902/003_100155782_20260525_1.pdf,C:\Users\treyl\Documents\Obsidian\Second_Brain\output\nec_2026_local_election_opencrab\github_repo_nec_2026_local_election_opencrab\supplements\official_gap_recovery_2026\recheck_2026-05-29\direct_nec_downloads\documents\candidate-doc_100155782_1.pdf,candidate-doc_100155782_1,C:\Users\treyl\Documents\Obsidian\Second_Brain\output\nec_2026_local_election_opencrab\github_repo_nec_2026_local_election_opencrab\supplements\official_gap_recovery_2026\recheck_2026-05-29\direct_nec_downloads\markdown\candidate-doc_100155782_1.md
candidate-doc:100154579:1,구·시·군의회의원선거 / 선거공보,구·시·군의회의원선거 서구라선거구 김유안 선거공보,suspiciously_short_text,0.1930,0,https://policy.nec.go.kr/plc/common/downloadFile.do?requestedFileName=20260603_%EC%84%9C%EA%B5%AC%EB%9D%BC%EC%84%A0%EA%B1%B0%EA%B5%AC_%EA%B9%80%EC%9C%A0%EC%95%88_%EC%84%A0%EA%B1%B0%EA%B3%B5%EB%B3%B4.pdf&requestedFullPath=20260603/PDF/PBINFO/2902/003_100154579_20260524_1.pdf,C:\Users\treyl\Documents\Obsidian\Second_Brain\output\nec_2026_local_election_opencrab\github_repo_nec_2026_local_election_opencrab\supplements\official_gap_recovery_2026\recheck_2026-05-29\direct_nec_downloads\documents\candidate-doc_100154579_1.pdf,candidate-doc_100154579_1,C:\Users\treyl\Documents\Obsidian\Second_Brain\output\nec_2026_local_election_opencrab\github_repo_nec_2026_local_election_opencrab\supplements\official_gap_recovery_2026\recheck_2026-05-29\direct_nec_downloads\markdown\candidate-doc_100154579_1.md
candidate-doc:100157080:1,구·시·군의회의원선거 / 선거공보,구·시·군의회의원선거 서구라선거구 박영숙 선거공보,suspiciously_short_text,0.1930,0,https://policy.nec.go.kr/plc/common/downloadFile.do?requestedFileName=20260603_%EC%84%9C%EA%B5%AC%EB%9D%BC%EC%84%A0%EA%B1%B0%EA%B5%AC_%EB%B0%95%EC%98%81%EC%88%99_%EC%84%A0%EA%B1%B0%EA%B3%B5%EB%B3%B4.pdf&requestedFullPath=20260603/PDF/PBINFO/2902/003_100157080_20260524_1.pdf,C:\Users\treyl\Documents\Obsidian\Second_Brain\output\nec_2026_local_election_opencrab\github_repo_nec_2026_local_election_opencrab\supplements\official_gap_recovery_2026\recheck_2026-05-29\direct_nec_downloads\documents\candidate-doc_100157080_1.pdf,candidate-doc_100157080_1,C:\Users\treyl\Documents\Obsidian\Second_Brain\output\nec_2026_local_election_opencrab\github_repo_nec_2026_local_election_opencrab\supplements\official_gap_recovery_2026\recheck_2026-05-29\direct_nec_downloads\markdown\candidate-doc_100157080_1.md
candidate-doc:100157333:1,구·시·군의회의원선거 / 선거공보,구·시·군의회의원선거 서구라선거구 김옥수 선거공보,suspiciously_short_text,0.4074,0,https://policy.nec.go.kr/plc/common/downloadFile.do?requestedFileName=20260603_%EC%84%9C%EA%B5%AC%EB%9D%BC%EC%84%A0%EA%B1%B0%EA%B5%AC_%EA%B9%80%EC%98%A5%EC%88%98_%EC%84%A0%EA%B1%B0%EA%B3%B5%EB%B3%B4.pdf&requestedFullPath=20260603/PDF/PBINFO/2902/003_100157333_20260525_1.pdf,C:\Users\treyl\Documents\Obsidian\Second_Brain\output\nec_2026_local_election_opencrab\github_repo_nec_2026_local_election_opencrab\supplements\official_gap_recovery_2026\recheck_2026-05-29\direct_nec_downloads\documents\candidate-doc_100157333_1.pdf,candidate-doc_100157333_1,C:\Users\treyl\Documents\Obsidian\Second_Brain\output\nec_2026_local_election_opencrab\github_repo_nec_2026_local_election_opencrab\supplements\official_gap_recovery_2026\recheck_2026-05-29\direct_nec_downloads\markdown\candidate-doc_100157333_1.md
candidate-doc:100154933:1,구·시·군의회의원선거 / 선거공보,구·시·군의회의원선거 용인시사선거구 박해규 선거공보,suspiciously_short_text,0.2018,0,https://policy.nec.go.kr/plc/common/downloadFile.do?requestedFileName=20260603_%EC%9A%A9%EC%9D%B8%EC%8B%9C%EC%82%AC%EC%84%A0%EA%B1%B0%EA%B5%AC_%EB%B0%95%ED%95%B4%EA%B7%9C_%EC%84%A0%EA%B1%B0%EA%B3%B5%EB%B3%B4.pdf&requestedFullPath=20260603/PDF/PBINFO/4136/003_100154933_20260528_1.pdf,C:\Users\treyl\Documents\Obsidian\Second_Brain\output\nec_2026_local_election_opencrab\github_repo_nec_2026_local_election_opencrab\supplements\official_gap_recovery_2026\recheck_2026-05-29\direct_nec_downloads\documents\candidate-doc_100154933_1.pdf,candidate-doc_100154933_1,C:\Users\treyl\Documents\Obsidian\Second_Brain\output\nec_2026_local_election_opencrab\github_repo_nec_2026_local_election_opencrab\supplements\official_gap_recovery_2026\recheck_2026-05-29\direct_nec_downloads\markdown\candidate-doc_100154933_1.md
candidate-doc:100161277:1,구·시·군의회의원선거 / 선거공보,구·시·군의회의원선거 용인시사선거구 이승도 선거공보,suspiciously_short_text,0.4259,0,https://policy.nec.go.kr/plc/common/downloadFile.do?requestedFileName=20260603_%EC%9A%A9%EC%9D%B8%EC%8B%9C%EC%82%AC%EC%84%A0%EA%B1%B0%EA%B5%AC_%EC%9D%B4%EC%8A%B9%EB%8F%84_%EC%84%A0%EA%B1%B0%EA%B3%B5%EB%B3%B4.pdf&requestedFullPath=20260603/PDF/PBINFO/4136/003_100161277_20260528_1.pdf,C:\Users\treyl\Documents\Obsidian\Second_Brain\output\nec_2026_local_election_opencrab\github_repo_nec_2026_local_election_opencrab\supplements\official_gap_recovery_2026\recheck_2026-05-29\direct_nec_downloads\documents\candidate-doc_100161277_1.pdf,candidate-doc_100161277_1,C:\Users\treyl\Documents\Obsidian\Second_Brain\output\nec_2026_local_election_opencrab\github_repo_nec_2026_local_election_opencrab\supplements\official_gap_recovery_2026\recheck_2026-05-29\direct_nec_downloads\markdown\candidate-doc_100161277_1.md
candidate-doc:100156045:1,구·시·군의회의원선거 / 선거공보,구·시·군의회의원선거 파주시가선거구 방인혜 선거공보,suspiciously_short_text,0.2018,0,https://policy.nec.go.kr/plc/common/downloadFile.do?requestedFileName=20260603_%ED%8C%8C%EC%A3%BC%EC%8B%9C%EA%B0%80%EC%84%A0%EA%B1%B0%EA%B5%AC_%EB%B0%A9%EC%9D%B8%ED%98%9C_%EC%84%A0%EA%B1%B0%EA%B3%B5%EB%B3%B4.pdf&requestedFullPath=20260603/PDF/PBINFO/4132/003_100156045_20260522_1.pdf,C:\Users\treyl\Documents\Obsidian\Second_Brain\output\nec_2026_local_election_opencrab\github_repo_nec_2026_local_election_opencrab\supplements\official_gap_recovery_2026\recheck_2026-05-29\direct_nec_downloads\documents\candidate-doc_100156045_1.pdf,candidate-doc_100156045_1,C:\Users\treyl\Documents\Obsidian\Second_Brain\output\nec_2026_local_election_opencrab\github_repo_nec_2026_local_election_opencrab\supplements\official_gap_recovery_2026\recheck_2026-05-29\direct_nec_downloads\markdown\candidate-doc_100156045_1.md
candidate-doc:100156597:1,구·시·군의회의원선거 / 선거공보,구·시·군의회의원선거 파주시나선거구 소경준 선거공보,suspiciously_short_text,0.4259,0,https://policy.nec.go.kr/plc/common/downloadFile.do?requestedFileName=20260603_%ED%8C%8C%EC%A3%BC%EC%8B%9C%EB%82%98%EC%84%A0%EA%B1%B0%EA%B5%AC_%EC%86%8C%EA%B2%BD%EC%A4%80_%EC%84%A0%EA%B1%B0%EA%B3%B5%EB%B3%B4.pdf&requestedFullPath=20260603/PDF/PBINFO/4132/003_100156597_20260522_1.pdf,C:\Users\treyl\Documents\Obsidian\Second_Brain\output\nec_2026_local_election_opencrab\github_repo_nec_2026_local_election_opencrab\supplements\official_gap_recovery_2026\recheck_2026-05-29\direct_nec_downloads\documents\candidate-doc_100156597_1.pdf,candidate-doc_100156597_1,C:\Users\treyl\Documents\Obsidian\Second_Brain\output\nec_2026_local_election_opencrab\github_repo_nec_2026_local_election_opencrab\supplements\official_gap_recovery_2026\recheck_2026-05-29\direct_nec_downloads\markdown\candidate-doc_100156597_1.md
candidate-doc:100154491:1,구·시·군의회의원선거 / 선거공보,구·시·군의회의원선거 파주시다선거구 유장무 선거공보,suspiciously_short_text,0.2018,0,https://policy.nec.go.kr/plc/common/downloadFile.do?requestedFileName=20260603_%ED%8C%8C%EC%A3%BC%EC%8B%9C%EB%8B%A4%EC%84%A0%EA%B1%B0%EA%B5%AC_%EC%9C%A0%EC%9E%A5%EB%AC%B4_%EC%84%A0%EA%B1%B0%EA%B3%B5%EB%B3%B4.pdf&requestedFullPath=20260603/PDF/PBINFO/4132/003_100154491_20260522_1.pdf,C:\Users\treyl\Documents\Obsidian\Second_Brain\output\nec_2026_local_election_opencrab\github_repo_nec_2026_local_election_opencrab\supplements\official_gap_recovery_2026\recheck_2026-05-29\direct_nec_downloads\documents\candidate-doc_100154491_1.pdf,candidate-doc_100154491_1,C:\Users\treyl\Documents\Obsidian\Second_Brain\output\nec_2026_local_election_opencrab\github_repo_nec_2026_local_election_opencrab\supplements\official_gap_recovery_2026\recheck_2026-05-29\direct_nec_downloads\markdown\candidate-doc_100154491_1.md
candidate-doc:100157056:1,구·시·군의회의원선거 / 선거공보,구·시·군의회의원선거 파주시다선거구 안소희 선거공보,suspiciously_short_text,0.2018,0,https://policy.nec.go.kr/plc/common/downloadFile.do?requestedFileName=20260603_%ED%8C%8C%EC%A3%BC%EC%8B%9C%EB%8B%A4%EC%84%A0%EA%B1%B0%EA%B5%AC_%EC%95%88%EC%86%8C%ED%9D%AC_%EC%84%A0%EA%B1%B0%EA%B3%B5%EB%B3%B4.pdf&requestedFullPath=20260603/PDF/PBINFO/4132/003_100157056_20260522_1.pdf,C:\Users\treyl\Documents\Obsidian\Second_Brain\output\nec_2026_local_election_opencrab\github_repo_nec_2026_local_election_opencrab\supplements\official_gap_recovery_2026\recheck_2026-05-29\direct_nec_downloads\documents\candidate-doc_100157056_1.pdf,candidate-doc_100157056_1,C:\Users\treyl\Documents\Obsidian\Second_Brain\output\nec_2026_local_election_opencrab\github_repo_nec_2026_local_election_opencrab\supplements\official_gap_recovery_2026\recheck_2026-05-29\direct_nec_downloads\markdown\candidate-doc_100157056_1.md
candidate-doc:100158126:1,구·시·군의회의원선거 / 선거공보,구·시·군의회의원선거 파주시마선거구 이혜정 선거공보,suspiciously_short_text,0.2018,0,https://policy.nec.go.kr/plc/common/downloadFile.do?requestedFileName=20260603_%ED%8C%8C%EC%A3%BC%EC%8B%9C%EB%A7%88%EC%84%A0%EA%B1%B0%EA%B5%AC_%EC%9D%B4%ED%98%9C%EC%A0%95_%EC%84%A0%EA%B1%B0%EA%B3%B5%EB%B3%B4.pdf&requestedFullPath=20260603/PDF/PBINFO/4132/003_100158126_20260522_1.pdf,C:\Users\treyl\Documents\Obsidian\Second_Brain\output\nec_2026_local_election_opencrab\github_repo_nec_2026_local_election_opencrab\supplements\official_gap_recovery_2026\recheck_2026-05-29\direct_nec_downloads\documents\candidate-doc_100158126_1.pdf,candidate-doc_100158126_1,C:\Users\treyl\Documents\Obsidian\Second_Brain\output\nec_2026_local_election_opencrab\github_repo_nec_2026_local_election_opencrab\supplements\official_gap_recovery_2026\recheck_2026-05-29\direct_nec_downloads\markdown\candidate-doc_100158126_1.md
candidate-doc:100155645:1,구·시·군의회의원선거 / 선거공보,구·시·군의회의원선거 파주시마선거구 양준모 선거공보,suspiciously_short_text,0.4259,0,https://policy.nec.go.kr/plc/common/downloadFile.do?requestedFileName=20260603_%ED%8C%8C%EC%A3%BC%EC%8B%9C%EB%A7%88%EC%84%A0%EA%B1%B0%EA%B5%AC_%EC%96%91%EC%A4%80%EB%AA%A8_%EC%84%A0%EA%B1%B0%EA%B3%B5%EB%B3%B4.pdf&requestedFullPath=20260603/PDF/PBINFO/4132/003_100155645_20260522_1.pdf,C:\Users\treyl\Documents\Obsidian\Second_Brain\output\nec_2026_local_election_opencrab\github_repo_nec_2026_local_election_opencrab\supplements\official_gap_recovery_2026\recheck_2026-05-29\direct_nec_downloads\documents\candidate-doc_100155645_1.pdf,candidate-doc_100155645_1,C:\Users\treyl\Documents\Obsidian\Second_Brain\output\nec_2026_local_election_opencrab\github_repo_nec_2026_local_election_opencrab\supplements\official_gap_recovery_2026\recheck_2026-05-29\direct_nec_downloads\markdown\candidate-doc_100155645_1.md
candidate-doc:100163659:1,구·시·군의회의원선거 / 선거공보,구·시·군의회의원선거 김제시나선거구 박성운 선거공보,suspiciously_short_text,0.9583,0,https://policy.nec.go.kr/plc/common/downloadFile.do?requestedFileName=20260603_%EA%B9%80%EC%A0%9C%EC%8B%9C%EB%82%98%EC%84%A0%EA%B1%B0%EA%B5%AC_%EB%B0%95%EC%84%B1%EC%9A%B4_%EC%84%A0%EA%B1%B0%EA%B3%B5%EB%B3%B4.pdf&requestedFullPath=20260603/PDF/PBINFO/5309/003_100163659_20260523_1.pdf,C:\Users\treyl\Documents\Obsidian\Second_Brain\output\nec_2026_local_election_opencrab\github_repo_nec_2026_local_election_opencrab\supplements\official_gap_recovery_2026\recheck_2026-05-29\direct_nec_downloads\documents\candidate-doc_100163659_1.pdf,candidate-doc_100163659_1,C:\Users\treyl\Documents\Obsidian\Second_Brain\output\nec_2026_local_election_opencrab\github_repo_nec_2026_local_election_opencrab\supplements\official_gap_recovery_2026\recheck_2026-05-29\direct_nec_downloads\markdown\candidate-doc_100163659_1.md
candidate-doc:100165246:1,구·시·군의회의원선거 / 선거공보,구·시·군의회의원선거 김제시나선거구 조성원 선거공보,suspiciously_short_text,2.5556,0,https://policy.nec.go.kr/plc/common/downloadFile.do?requestedFileName=20260603_%EA%B9%80%EC%A0%9C%EC%8B%9C%EB%82%98%EC%84%A0%EA%B1%B0%EA%B5%AC_%EC%A1%B0%EC%84%B1%EC%9B%90_%EC%84%A0%EA%B1%B0%EA%B3%B5%EB%B3%B4.pdf&requestedFullPath=20260603/PDF/PBINFO/5309/003_100165246_20260523_1.pdf,C:\Users\treyl\Documents\Obsidian\Second_Brain\output\nec_2026_local_election_opencrab\github_repo_nec_2026_local_election_opencrab\supplements\official_gap_recovery_2026\recheck_2026-05-29\direct_nec_downloads\documents\candidate-doc_100165246_1.pdf,candidate-doc_100165246_1,C:\Users\treyl\Documents\Obsidian\Second_Brain\output\nec_2026_local_election_opencrab\github_repo_nec_2026_local_election_opencrab\supplements\official_gap_recovery_2026\recheck_2026-05-29\direct_nec_downloads\markdown\candidate-doc_100165246_1.md
candidate-doc:100157002:1,구·시·군의회의원선거 / 선거공보,구·시·군의회의원선거 김제시라선거구 문순자 선거공보,suspiciously_short_text,0.2018,0,https://policy.nec.go.kr/plc/common/downloadFile.do?requestedFileName=20260603_%EA%B9%80%EC%A0%9C%EC%8B%9C%EB%9D%BC%EC%84%A0%EA%B1%B0%EA%B5%AC_%EB%AC%B8%EC%88%9C%EC%9E%90_%EC%84%A0%EA%B1%B0%EA%B3%B5%EB%B3%B4.pdf&requestedFullPath=20260603/PDF/PBINFO/5309/003_100157002_20260523_1.pdf,C:\Users\treyl\Documents\Obsidian\Second_Brain\output\nec_2026_local_election_opencrab\github_repo_nec_2026_local_election_opencrab\supplements\official_gap_recovery_2026\recheck_2026-05-29\direct_nec_downloads\documents\candidate-doc_100157002_1.pdf,candidate-doc_100157002_1,C:\Users\treyl\Documents\Obsidian\Second_Brain\output\nec_2026_local_election_opencrab\github_repo_nec_2026_local_election_opencrab\supplements\official_gap_recovery_2026\recheck_2026-05-29\direct_nec_downloads\markdown\candidate-doc_100157002_1.md
candidate-doc:100159533:1,구·시·군의회의원선거 / 선거공보,구·시·군의회의원선거 완주군나선거구 성중기 선거공보,suspiciously_short_text,0.2018,0,https://policy.nec.go.kr/plc/common/downloadFile.do?requestedFileName=20260603_%EC%99%84%EC%A3%BC%EA%B5%B0%EB%82%98%EC%84%A0%EA%B1%B0%EA%B5%AC_%EC%84%B1%EC%A4%91%EA%B8%B0_%EC%84%A0%EA%B1%B0%EA%B3%B5%EB%B3%B4.pdf&requestedFullPath=20260603/PDF/PBINFO/5310/003_100159533_20260526_1.pdf,C:\Users\treyl\Documents\Obsidian\Second_Brain\output\nec_2026_local_election_opencrab\github_repo_nec_2026_local_election_opencrab\supplements\official_gap_recovery_2026\recheck_2026-05-29\direct_nec_downloads\documents\candidate-doc_100159533_1.pdf,candidate-doc_100159533_1,C:\Users\treyl\Documents\Obsidian\Second_Brain\output\nec_2026_local_election_opencrab\github_repo_nec_2026_local_election_opencrab\supplements\official_gap_recovery_2026\recheck_2026-05-29\direct_nec_downloads\markdown\candidate-doc_100159533_1.md
candidate-doc:100159451:1,구·시·군의회의원선거 / 선거공보,구·시·군의회의원선거 장수군가선거구 김광훈 선거공보,suspiciously_short_text,0.2738,0,https://policy.nec.go.kr/plc/common/downloadFile.do?requestedFileName=20260603_%EC%9E%A5%EC%88%98%EA%B5%B0%EA%B0%80%EC%84%A0%EA%B1%B0%EA%B5%AC_%EA%B9%80%EA%B4%91%ED%9B%88_%EC%84%A0%EA%B1%B0%EA%B3%B5%EB%B3%B4.pdf&requestedFullPath=20260603/PDF/PBINFO/5313/003_100159451_20260527_1.pdf,C:\Users\treyl\Documents\Obsidian\Second_Brain\output\nec_2026_local_election_opencrab\github_repo_nec_2026_local_election_opencrab\supplements\official_gap_recovery_2026\recheck_2026-05-29\direct_nec_downloads\documents\candidate-doc_100159451_1.pdf,candidate-doc_100159451_1,C:\Users\treyl\Documents\Obsidian\Second_Brain\output\nec_2026_local_election_opencrab\github_repo_nec_2026_local_election_opencrab\supplements\official_gap_recovery_2026\recheck_2026-05-29\direct_nec_downloads\markdown\candidate-doc_100159451_1.md
candidate-doc:100160326:1,구·시·군의회의원선거 / 선거공보,구·시·군의회의원선거 장수군가선거구 임정권 선거공보,suspiciously_short_text,0.2018,0,https://policy.nec.go.kr/plc/common/downloadFile.do?requestedFileName=20260603_%EC%9E%A5%EC%88%98%EA%B5%B0%EA%B0%80%EC%84%A0%EA%B1%B0%EA%B5%AC_%EC%9E%84%EC%A0%95%EA%B6%8C_%EC%84%A0%EA%B1%B0%EA%B3%B5%EB%B3%B4.pdf&requestedFullPath=20260603/PDF/PBINFO/5313/003_100160326_20260527_1.pdf,C:\Users\treyl\Documents\Obsidian\Second_Brain\output\nec_2026_local_election_opencrab\github_repo_nec_2026_local_election_opencrab\supplements\official_gap_recovery_2026\recheck_2026-05-29\direct_nec_downloads\documents\candidate-doc_100160326_1.pdf,candidate-doc_100160326_1,C:\Users\treyl\Documents\Obsidian\Second_Brain\output\nec_2026_local_election_opencrab\github_repo_nec_2026_local_election_opencrab\supplements\official_gap_recovery_2026\recheck_2026-05-29\direct_nec_downloads\markdown\candidate-doc_100160326_1.md
candidate-doc:100159763:1,구·시·군의회의원선거 / 선거공보,구·시·군의회의원선거 장수군가선거구 장종태 선거공보,suspiciously_short_text,0.2018,0,https://policy.nec.go.kr/plc/common/downloadFile.do?requestedFileName=20260603_%EC%9E%A5%EC%88%98%EA%B5%B0%EA%B0%80%EC%84%A0%EA%B1%B0%EA%B5%AC_%EC%9E%A5%EC%A2%85%ED%83%9C_%EC%84%A0%EA%B1%B0%EA%B3%B5%EB%B3%B4.pdf&requestedFullPath=20260603/PDF/PBINFO/5313/003_100159763_20260527_1.pdf,C:\Users\treyl\Documents\Obsidian\Second_Brain\output\nec_2026_local_election_opencrab\github_repo_nec_2026_local_election_opencrab\supplements\official_gap_recovery_2026\recheck_2026-05-29\direct_nec_downloads\documents\candidate-doc_100159763_1.pdf,candidate-doc_100159763_1,C:\Users\treyl\Documents\Obsidian\Second_Brain\output\nec_2026_local_election_opencrab\github_repo_nec_2026_local_election_opencrab\supplements\official_gap_recovery_2026\recheck_2026-05-29\direct_nec_downloads\markdown\candidate-doc_100159763_1.md
candidate-doc:100160162:1,구·시·군의회의원선거 / 선거공보,구·시·군의회의원선거 장수군나선거구 문재표 선거공보,suspiciously_short_text,0.4259,0,https://policy.nec.go.kr/plc/common/downloadFile.do?requestedFileName=20260603_%EC%9E%A5%EC%88%98%EA%B5%B0%EB%82%98%EC%84%A0%EA%B1%B0%EA%B5%AC_%EB%AC%B8%EC%9E%AC%ED%91%9C_%EC%84%A0%EA%B1%B0%EA%B3%B5%EB%B3%B4.pdf&requestedFullPath=20260603/PDF/PBINFO/5313/003_100160162_20260527_1.pdf,C:\Users\treyl\Documents\Obsidian\Second_Brain\output\nec_2026_local_election_opencrab\github_repo_nec_2026_local_election_opencrab\supplements\official_gap_recovery_2026\recheck_2026-05-29\direct_nec_downloads\documents\candidate-doc_100160162_1.pdf,candidate-doc_100160162_1,C:\Users\treyl\Documents\Obsidian\Second_Brain\output\nec_2026_local_election_opencrab\github_repo_nec_2026_local_election_opencrab\supplements\official_gap_recovery_2026\recheck_2026-05-29\direct_nec_downloads\markdown\candidate-doc_100160162_1.md
candidate-doc:100159880:1,구·시·군의회의원선거 / 선거공보,구·시·군의회의원선거 장수군나선거구 채수권 선거공보,suspiciously_short_text,0.2018,0,https://policy.nec.go.kr/plc/common/downloadFile.do?requestedFileName=20260603_%EC%9E%A5%EC%88%98%EA%B5%B0%EB%82%98%EC%84%A0%EA%B1%B0%EA%B5%AC_%EC%B1%84%EC%88%98%EA%B6%8C_%EC%84%A0%EA%B1%B0%EA%B3%B5%EB%B3%B4.pdf&requestedFullPath=20260603/PDF/PBINFO/5313/003_100159880_20260527_1.pdf,C:\Users\treyl\Documents\Obsidian\Second_Brain\output\nec_2026_local_election_opencrab\github_repo_nec_2026_local_election_opencrab\supplements\official_gap_recovery_2026\recheck_2026-05-29\direct_nec_downloads\documents\candidate-doc_100159880_1.pdf,candidate-doc_100159880_1,C:\Users\treyl\Documents\Obsidian\Second_Brain\output\nec_2026_local_election_opencrab\github_repo_nec_2026_local_election_opencrab\supplements\official_gap_recovery_2026\recheck_2026-05-29\direct_nec_downloads\markdown\candidate-doc_100159880_1.md
candidate-doc:100159674:1,구·시·군의회의원선거 / 선거공보,구·시·군의회의원선거 장수군나선거구 김남수 선거공보,suspiciously_short_text,0.2018,0,https://policy.nec.go.kr/plc/common/downloadFile.do?requestedFileName=20260603_%EC%9E%A5%EC%88%98%EA%B5%B0%EB%82%98%EC%84%A0%EA%B1%B0%EA%B5%AC_%EA%B9%80%EB%82%A8%EC%88%98_%EC%84%A0%EA%B1%B0%EA%B3%B5%EB%B3%B4.pdf&requestedFullPath=20260603/PDF/PBINFO/5313/003_100159674_20260527_1.pdf,C:\Users\treyl\Documents\Obsidian\Second_Brain\output\nec_2026_local_election_opencrab\github_repo_nec_2026_local_election_opencrab\supplements\official_gap_recovery_2026\recheck_2026-05-29\direct_nec_downloads\documents\candidate-doc_100159674_1.pdf,candidate-doc_100159674_1,C:\Users\treyl\Documents\Obsidian\Second_Brain\output\nec_2026_local_election_opencrab\github_repo_nec_2026_local_election_opencrab\supplements\official_gap_recovery_2026\recheck_2026-05-29\direct_nec_downloads\markdown\candidate-doc_100159674_1.md
candidate-doc:100160483:1,구·시·군의회의원선거 / 선거공보,구·시·군의회의원선거 장수군나선거구 임재성 선거공보,suspiciously_short_text,0.2018,0,https://policy.nec.go.kr/plc/common/downloadFile.do?requestedFileName=20260603_%EC%9E%A5%EC%88%98%EA%B5%B0%EB%82%98%EC%84%A0%EA%B1%B0%EA%B5%AC_%EC%9E%84%EC%9E%AC%EC%84%B1_%EC%84%A0%EA%B1%B0%EA%B3%B5%EB%B3%B4.pdf&requestedFullPath=20260603/PDF/PBINFO/5313/003_100160483_20260527_1.pdf,C:\Users\treyl\Documents\Obsidian\Second_Brain\output\nec_2026_local_election_opencrab\github_repo_nec_2026_local_election_opencrab\supplements\official_gap_recovery_2026\recheck_2026-05-29\direct_nec_downloads\documents\candidate-doc_100160483_1.pdf,candidate-doc_100160483_1,C:\Users\treyl\Documents\Obsidian\Second_Brain\output\nec_2026_local_election_opencrab\github_repo_nec_2026_local_election_opencrab\supplements\official_gap_recovery_2026\recheck_2026-05-29\direct_nec_downloads\markdown\candidate-doc_100160483_1.md
candidate-doc:100163843:1,구·시·군의회의원선거 / 선거공보,구·시·군의회의원선거 장수군나선거구 곽한옥 선거공보,suspiciously_short_text,0.4259,0,https://policy.nec.go.kr/plc/common/downloadFile.do?requestedFileName=20260603_%EC%9E%A5%EC%88%98%EA%B5%B0%EB%82%98%EC%84%A0%EA%B1%B0%EA%B5%AC_%EA%B3%BD%ED%95%9C%EC%98%A5_%EC%84%A0%EA%B1%B0%EA%B3%B5%EB%B3%B4.pdf&requestedFullPath=20260603/PDF/PBINFO/5313/003_100163843_20260527_1.pdf,C:\Users\treyl\Documents\Obsidian\Second_Brain\output\nec_2026_local_election_opencrab\github_repo_nec_2026_local_election_opencrab\supplements\official_gap_recovery_2026\recheck_2026-05-29\direct_nec_downloads\documents\candidate-doc_100163843_1.pdf,candidate-doc_100163843_1,C:\Users\treyl\Documents\Obsidian\Second_Brain\output\nec_2026_local_election_opencrab\github_repo_nec_2026_local_election_opencrab\supplements\official_gap_recovery_2026\recheck_2026-05-29\direct_nec_downloads\markdown\candidate-doc_100163843_1.md
candidate-doc:100160253:1,구·시·군의회의원선거 / 선거공보,구·시·군의회의원선거 완도군가선거구 최정욱 선거공보,suspiciously_short_text,0.2018,0,https://policy.nec.go.kr/plc/common/downloadFile.do?requestedFileName=20260603_%EC%99%84%EB%8F%84%EA%B5%B0%EA%B0%80%EC%84%A0%EA%B1%B0%EA%B5%AC_%EC%B5%9C%EC%A0%95%EC%9A%B1_%EC%84%A0%EA%B1%B0%EA%B3%B5%EB%B3%B4.pdf&requestedFullPath=20260603/PDF/PBINFO/4617/003_100160253_20260526_1.pdf,C:\Users\treyl\Documents\Obsidian\Second_Brain\output\nec_2026_local_election_opencrab\github_repo_nec_2026_local_election_opencrab\supplements\official_gap_recovery_2026\recheck_2026-05-29\direct_nec_downloads\documents\candidate-doc_100160253_1.pdf,candidate-doc_100160253_1,C:\Users\treyl\Documents\Obsidian\Second_Brain\output\nec_2026_local_election_opencrab\github_repo_nec_2026_local_election_opencrab\supplements\official_gap_recovery_2026\recheck_2026-05-29\direct_nec_downloads\markdown\candidate-doc_100160253_1.md
candidate-doc:100160616:1,구·시·군의회의원선거 / 선거공보,구·시·군의회의원선거 완도군가선거구 박성규 선거공보,suspiciously_short_text,0.2018,0,https://policy.nec.go.kr/plc/common/downloadFile.do?requestedFileName=20260603_%EC%99%84%EB%8F%84%EA%B5%B0%EA%B0%80%EC%84%A0%EA%B1%B0%EA%B5%AC_%EB%B0%95%EC%84%B1%EA%B7%9C_%EC%84%A0%EA%B1%B0%EA%B3%B5%EB%B3%B4.pdf&requestedFullPath=20260603/PDF/PBINFO/4617/003_100160616_20260526_1.pdf,C:\Users\treyl\Documents\Obsidian\Second_Brain\output\nec_2026_local_election_opencrab\github_repo_nec_2026_local_election_opencrab\supplements\official_gap_recovery_2026\recheck_2026-05-29\direct_nec_downloads\documents\candidate-doc_100160616_1.pdf,candidate-doc_100160616_1,C:\Users\treyl\Documents\Obsidian\Second_Brain\output\nec_2026_local_election_opencrab\github_repo_nec_2026_local_election_opencrab\supplements\official_gap_recovery_2026\recheck_2026-05-29\direct_nec_downloads\markdown\candidate-doc_100160616_1.md
candidate-doc:100161683:1,구·시·군의회의원선거 / 선거공보,구·시·군의회의원선거 완도군가선거구 조영식 선거공보,suspiciously_short_text,0.2018,0,https://policy.nec.go.kr/plc/common/downloadFile.do?requestedFileName=20260603_%EC%99%84%EB%8F%84%EA%B5%B0%EA%B0%80%EC%84%A0%EA%B1%B0%EA%B5%AC_%EC%A1%B0%EC%98%81%EC%8B%9D_%EC%84%A0%EA%B1%B0%EA%B3%B5%EB%B3%B4.pdf&requestedFullPath=20260603/PDF/PBINFO/4617/003_100161683_20260526_1.pdf,C:\Users\treyl\Documents\Obsidian\Second_Brain\output\nec_2026_local_election_opencrab\github_repo_nec_2026_local_election_opencrab\supplements\official_gap_recovery_2026\recheck_2026-05-29\direct_nec_downloads\documents\candidate-doc_100161683_1.pdf,candidate-doc_100161683_1,C:\Users\treyl\Documents\Obsidian\Second_Brain\output\nec_2026_local_election_opencrab\github_repo_nec_2026_local_election_opencrab\supplements\official_gap_recovery_2026\recheck_2026-05-29\direct_nec_downloads\markdown\candidate-doc_100161683_1.md
candidate-doc:100157254:1,구·시·군의회의원선거 / 선거공보,구·시·군의회의원선거 경산시다선거구 강수명 선거공보,suspiciously_short_text,0.9583,0,https://policy.nec.go.kr/plc/common/downloadFile.do?requestedFileName=20260603_%EA%B2%BD%EC%82%B0%EC%8B%9C%EB%8B%A4%EC%84%A0%EA%B1%B0%EA%B5%AC_%EA%B0%95%EC%88%98%EB%AA%85_%EC%84%A0%EA%B1%B0%EA%B3%B5%EB%B3%B4.pdf&requestedFullPath=20260603/PDF/PBINFO/4713/003_100157254_20260528_1.pdf,C:\Users\treyl\Documents\Obsidian\Second_Brain\output\nec_2026_local_election_opencrab\github_repo_nec_2026_local_election_opencrab\supplements\official_gap_recovery_2026\recheck_2026-05-29\direct_nec_downloads\documents\candidate-doc_100157254_1.pdf,candidate-doc_100157254_1,C:\Users\treyl\Documents\Obsidian\Second_Brain\output\nec_2026_local_election_opencrab\github_repo_nec_2026_local_election_opencrab\supplements\official_gap_recovery_2026\recheck_2026-05-29\direct_nec_downloads\markdown\candidate-doc_100157254_1.md
