record_id,election_name,province_id,province_name,province_source,subSgId,subSgName,sgTypecode,sggid,sggname,hbjname,huboid,jdname,jdid,hbjgiho,hbjjikup,hbjhakruk,doc_index,doc_type,doc_type_raw,source_id,original_available,original_url,current_available,current_pdf_path,current_pdf_path_source,current_download_url,classification,raw_fileinfo,filePathName,updtFileName,fileTypeName,fileDispYn,pdfPrvwYn,recovery_status
"320260603-5300-전북특별자치도-100163170-2-선거공약서","제9회 전국동시지방선거","5300","전북특별자치도","sggname_exact_province","320260603","시·도지사선거","3","3530000","전북특별자치도","이원택","100163170","더불어민주당","100","1","정당인","전북대학교 화학공업공학과 졸업","2","선거공약서","선거공약서","candidate-doc:100163170:2","false","","false","","","","current_unavailable_official_source","선거공약서||||||0||HEIGHT||Y||||00","","","","Y","","pending_official_source_search"
"320260603-5300-전북특별자치도-100163202-2-선거공약서","제9회 전국동시지방선거","5300","전북특별자치도","sggname_exact_province","320260603","시·도지사선거","3","3530000","전북특별자치도","양정무","100163202","국민의힘","200","2","기업인","전주대학교 일반대학원 법학과 졸업(법학석사)","2","선거공약서","선거공약서","candidate-doc:100163202:2","false","","false","","","","current_unavailable_official_source","선거공약서||||||0||HEIGHT||Y||||00","","","","Y","","pending_official_source_search"
"320260603-5300-전북특별자치도-100162052-2-선거공약서","제9회 전국동시지방선거","5300","전북특별자치도","sggname_exact_province","320260603","시·도지사선거","3","3530000","전북특별자치도","백승재","100162052","진보당","5010","5","노동자","경희대학교 건축공학과 3년 수료(1994년3월~2001년2월)","2","선거공약서","선거공약서","candidate-doc:100162052:2","false","","false","","","","current_unavailable_official_source","선거공약서||||||0||HEIGHT||Y||||00","","","","Y","","pending_official_source_search"
"320260603-5300-전북특별자치도-100153829-2-선거공약서","제9회 전국동시지방선거","5300","전북특별자치도","sggname_exact_province","320260603","시·도지사선거","3","3530000","전북특별자치도","김성수","100153829","무소속","9999","6","세무사 김성수사무소 대표","원광대학교 회계학과 졸업","2","선거공약서","선거공약서","candidate-doc:100153829:2","false","","false","","","","current_unavailable_official_source","선거공약서||||||0||HEIGHT||Y||||00","","","","Y","","pending_official_source_search"
"320260603-5300-전북특별자치도-100163514-2-선거공약서","제9회 전국동시지방선거","5300","전북특별자치도","sggname_exact_province","320260603","시·도지사선거","3","3530000","전북특별자치도","김관영","100163514","무소속","9999","7","전북특별자치도지사","서울대학교 행정대학원 졸업(행정학 석사)","2","선거공약서","선거공약서","candidate-doc:100163514:2","false","","false","","","","current_unavailable_official_source","선거공약서||||||0||HEIGHT||Y||||00","","","","Y","","pending_official_source_search"
"420260603-5300-전주시-100154441-2-선거공약서","제9회 전국동시지방선거","5300","전북특별자치도","nec_region_scope","420260603","구·시·군의 장선거","4","4530100","전주시","조지훈","100154441","더불어민주당","100","1","정당인","전북대학교 대학원 행정학과 박사과정 수료","2","선거공약서","선거공약서","candidate-doc:100154441:2","false","","false","","","","current_unavailable_official_source","선거공약서||||||0||HEIGHT||Y||||00","","","","Y","","pending_official_source_search"
"420260603-5300-전주시-100154492-2-선거공약서","제9회 전국동시지방선거","5300","전북특별자치도","nec_region_scope","420260603","구·시·군의 장선거","4","4530100","전주시","강성희","100154492","진보당","5010","5","정당인","한국외국어대학교 언어인지과학과 졸업","2","선거공약서","선거공약서","candidate-doc:100154492:2","false","","false","","","","current_unavailable_official_source","선거공약서||||||0||HEIGHT||Y||||00","","","","Y","","pending_official_source_search"
"420260603-5300-전주시-100163701-2-선거공약서","제9회 전국동시지방선거","5300","전북특별자치도","nec_region_scope","420260603","구·시·군의 장선거","4","4530100","전주시","김광종","100163701","무소속","9999","6","정치인","서울대학교 외교학과 졸업","2","선거공약서","선거공약서","candidate-doc:100163701:2","false","","false","","","","current_unavailable_official_source","선거공약서||||||0||HEIGHT||Y||||00","","","","Y","","pending_official_source_search"
"420260603-5300-군산시-100153863-2-선거공약서","제9회 전국동시지방선거","5300","전북특별자치도","nec_region_scope","420260603","구·시·군의 장선거","4","4530300","군산시","김재준","100153863","더불어민주당","100","1","정당인","전북대학교 대학원 경제학과 졸업(경제학석사)","2","선거공약서","선거공약서","candidate-doc:100153863:2","false","","false","","","","current_unavailable_official_source","선거공약서||||||0||HEIGHT||Y||||00","","","","Y","","pending_official_source_search"
"420260603-5300-군산시-100155581-2-선거공약서","제9회 전국동시지방선거","5300","전북특별자치도","nec_region_scope","420260603","구·시·군의 장선거","4","4530300","군산시","이주현","100155581","조국혁신당","5077","3","정당인","연세대학교 행정대학원 행정학 석사","2","선거공약서","선거공약서","candidate-doc:100155581:2","false","","false","","","","current_unavailable_official_source","선거공약서||||||0||HEIGHT||Y||||00","","","","Y","","pending_official_source_search"
"420260603-5300-군산시-100161913-2-선거공약서","제9회 전국동시지방선거","5300","전북특별자치도","nec_region_scope","420260603","구·시·군의 장선거","4","4530300","군산시","고영섭","100161913","무소속","9999","5","(주)서광경영 대표","원광대학교 경영대학원 경영학과 졸업(경영학박사)","2","선거공약서","선거공약서","candidate-doc:100161913:2","false","","false","","","","current_unavailable_official_source","선거공약서||||||0||HEIGHT||Y||||00","","","","Y","","pending_official_source_search"
"420260603-5300-익산시-100154556-2-선거공약서","제9회 전국동시지방선거","5300","전북특별자치도","nec_region_scope","420260603","구·시·군의 장선거","4","4530500","익산시","최정호","100154556","더불어민주당","100","1","정당인","광운대학교 대학원 부동산학과 박사 과정 졸업","2","선거공약서","선거공약서","candidate-doc:100154556:2","false","","false","","","","current_unavailable_official_source","선거공약서||||||0||HEIGHT||Y||||00","","","","Y","","pending_official_source_search"
"420260603-5300-익산시-100155689-2-선거공약서","제9회 전국동시지방선거","5300","전북특별자치도","nec_region_scope","420260603","구·시·군의 장선거","4","4530500","익산시","임형택","100155689","조국혁신당","5077","3","Like익산포럼 대표","원광대학교 대학원 사회적경제학과 졸업(사회학박사)","2","선거공약서","선거공약서","candidate-doc:100155689:2","false","","false","","","","current_unavailable_official_source","선거공약서||||||0||HEIGHT||Y||||00","","","","Y","","pending_official_source_search"
"420260603-5300-익산시-100153831-2-선거공약서","제9회 전국동시지방선거","5300","전북특별자치도","nec_region_scope","420260603","구·시·군의 장선거","4","4530500","익산시","박경철","100153831","무소속","9999","5","정치인","원광대학교 대학원 졸업(정치학석사)","2","선거공약서","선거공약서","candidate-doc:100153831:2","false","","false","","","","current_unavailable_official_source","선거공약서||||||0||HEIGHT||Y||||00","","","","Y","","pending_official_source_search"
"420260603-5300-익산시-100163020-2-선거공약서","제9회 전국동시지방선거","5300","전북특별자치도","nec_region_scope","420260603","구·시·군의 장선거","4","4530500","익산시","황세연","100163020","무소속","9999","6","출판업","성균관대학교 철학과 졸업예정","2","선거공약서","선거공약서","candidate-doc:100163020:2","false","","false","","","","current_unavailable_official_source","선거공약서||||||0||HEIGHT||Y||||00","","","","Y","","pending_official_source_search"
"420260603-5300-정읍시-100163655-2-선거공약서","제9회 전국동시지방선거","5300","전북특별자치도","nec_region_scope","420260603","구·시·군의 장선거","4","4530700","정읍시","이학수","100163655","더불어민주당","100","1","정읍시장","전주대학교 대학원 졸업(금융보험학석사)","2","선거공약서","선거공약서","candidate-doc:100163655:2","false","","false","","","","current_unavailable_official_source","선거공약서||||||0||HEIGHT||Y||||00","","","","Y","","pending_official_source_search"
"420260603-5300-정읍시-100156163-2-선거공약서","제9회 전국동시지방선거","5300","전북특별자치도","nec_region_scope","420260603","구·시·군의 장선거","4","4530700","정읍시","김민영","100156163","조국혁신당","5077","3","정치인","조선대학교 경영대학원 졸업(경영학석사)","2","선거공약서","선거공약서","candidate-doc:100156163:2","false","","false","","","","current_unavailable_official_source","선거공약서||||||0||HEIGHT||Y||||00","","","","Y","","pending_official_source_search"
"420260603-5300-정읍시-100154602-2-선거공약서","제9회 전국동시지방선거","5300","전북특별자치도","nec_region_scope","420260603","구·시·군의 장선거","4","4530700","정읍시","김재선","100154602","무소속","9999","5","덕산그룹 회장","전북과학대학교 경영세무회계과 졸업","2","선거공약서","선거공약서","candidate-doc:100154602:2","false","","false","","","","current_unavailable_official_source","선거공약서||||||0||HEIGHT||Y||||00","","","","Y","","pending_official_source_search"
"420260603-5300-남원시-100154499-2-선거공약서","제9회 전국동시지방선거","5300","전북특별자치도","nec_region_scope","420260603","구·시·군의 장선거","4","4530800","남원시","양충모","100154499","더불어민주당","100","1","전북대학교 교수","가천대학교 대학원 경영학 박사(회계, 세무학과/회계학 전공)","2","선거공약서","선거공약서","candidate-doc:100154499:2","false","","false","","","","current_unavailable_official_source","선거공약서||||||0||HEIGHT||Y||||00","","","","Y","","pending_official_source_search"
"420260603-5300-남원시-100158759-2-선거공약서","제9회 전국동시지방선거","5300","전북특별자치도","nec_region_scope","420260603","구·시·군의 장선거","4","4530800","남원시","강동원","100158759","조국혁신당","5077","3","정당인","경기대학교 정치전문대학원 졸업(정치학박사)","2","선거공약서","선거공약서","candidate-doc:100158759:2","false","","false","","","","current_unavailable_official_source","선거공약서||||||0||HEIGHT||Y||||00","","","","Y","","pending_official_source_search"
"420260603-5300-남원시-100162400-2-선거공약서","제9회 전국동시지방선거","5300","전북특별자치도","nec_region_scope","420260603","구·시·군의 장선거","4","4530800","남원시","황의돈","100162400","무소속","9999","5","농업","미기재","2","선거공약서","선거공약서","candidate-doc:100162400:2","false","","false","","","","current_unavailable_official_source","선거공약서||||||0||HEIGHT||Y||||00","","","","Y","","pending_official_source_search"
"420260603-5300-김제시-100163513-1-선거공보","제9회 전국동시지방선거","5300","전북특별자치도","nec_region_scope","420260603","구·시·군의 장선거","4","4530900","김제시","정성주","100163513","더불어민주당","100","1","김제시장","전북대학교 행정대학원 졸업(행정학 석사)","1","선거공보","선거공보","candidate-doc:100163513:1","false","","false","","","","current_unavailable_official_source","선거공보||||||0||HEIGHT||Y||||00","","","","Y","","pending_official_source_search"
"420260603-5300-김제시-100163513-2-선거공약서","제9회 전국동시지방선거","5300","전북특별자치도","nec_region_scope","420260603","구·시·군의 장선거","4","4530900","김제시","정성주","100163513","더불어민주당","100","1","김제시장","전북대학교 행정대학원 졸업(행정학 석사)","2","선거공약서","선거공약서","candidate-doc:100163513:2","false","","false","","","","current_unavailable_official_source","선거공약서||||||0||HEIGHT||Y||||00","","","","Y","","pending_official_source_search"
"420260603-5300-김제시-100165590-1-선거공보","제9회 전국동시지방선거","5300","전북특별자치도","nec_region_scope","420260603","구·시·군의 장선거","4","4530900","김제시","이병철","100165590","무소속","9999","5","김제시의회의원","호원대학교 행정·사회복지학부(행정학 전공,사회복지학 복수전공)졸업","1","선거공보","선거공보","candidate-doc:100165590:1","false","","false","","","","current_unavailable_official_source","선거공보||||||0||HEIGHT||Y||||00","","","","Y","","pending_official_source_search"
"420260603-5300-김제시-100165590-2-선거공약서","제9회 전국동시지방선거","5300","전북특별자치도","nec_region_scope","420260603","구·시·군의 장선거","4","4530900","김제시","이병철","100165590","무소속","9999","5","김제시의회의원","호원대학교 행정·사회복지학부(행정학 전공,사회복지학 복수전공)졸업","2","선거공약서","선거공약서","candidate-doc:100165590:2","false","","false","","","","current_unavailable_official_source","선거공약서||||||0||HEIGHT||Y||||00","","","","Y","","pending_official_source_search"
"420260603-5300-완주군-100161540-2-선거공약서","제9회 전국동시지방선거","5300","전북특별자치도","nec_region_scope","420260603","구·시·군의 장선거","4","4531000","완주군","유희태","100161540","더불어민주당","100","1","전북특별자치도 완주군수","전주대학교 경영학과 박사 학위과정 수료","2","선거공약서","선거공약서","candidate-doc:100161540:2","false","","false","","","","current_unavailable_official_source","선거공약서||||||0||HEIGHT||Y||||00","","","","Y","","pending_official_source_search"
"420260603-5300-완주군-100165284-2-선거공약서","제9회 전국동시지방선거","5300","전북특별자치도","nec_region_scope","420260603","구·시·군의 장선거","4","4531000","완주군","국영석","100165284","무소속","9999","5","농업인","우석대학교 유통통상학부 졸업","2","선거공약서","선거공약서","candidate-doc:100165284:2","false","","false","","","","current_unavailable_official_source","선거공약서||||||0||HEIGHT||Y||||00","","","","Y","","pending_official_source_search"
"420260603-5300-진안군-100159517-2-선거공약서","제9회 전국동시지방선거","5300","전북특별자치도","nec_region_scope","420260603","구·시·군의 장선거","4","4531100","진안군","전춘성","100159517","더불어민주당","100","1","진안군수","군산실업전문대학 관광과 졸업","2","선거공약서","선거공약서","candidate-doc:100159517:2","false","","false","","","","current_unavailable_official_source","선거공약서||||||0||HEIGHT||Y||||00","","","","Y","","pending_official_source_search"
"420260603-5300-진안군-100159503-2-선거공약서","제9회 전국동시지방선거","5300","전북특별자치도","nec_region_scope","420260603","구·시·군의 장선거","4","4531100","진안군","천춘진","100159503","무소속","9999","5","농업","도쿄농업대학 농업대학원 농학박사(1999.4.-2002.3.)","2","선거공약서","선거공약서","candidate-doc:100159503:2","false","","false","","","","current_unavailable_official_source","선거공약서||||||0||HEIGHT||Y||||00","","","","Y","","pending_official_source_search"
"420260603-5300-진안군-100161906-2-선거공약서","제9회 전국동시지방선거","5300","전북특별자치도","nec_region_scope","420260603","구·시·군의 장선거","4","4531100","진안군","고준식","100161906","무소속","9999","6","롱맨학원원장","고려대학교 영어영문학과 졸업","2","선거공약서","선거공약서","candidate-doc:100161906:2","false","","false","","","","current_unavailable_official_source","선거공약서||||||0||HEIGHT||Y||||00","","","","Y","","pending_official_source_search"
"420260603-5300-무주군-100161544-2-선거공약서","제9회 전국동시지방선거","5300","전북특별자치도","nec_region_scope","420260603","구·시·군의 장선거","4","4531200","무주군","황인홍","100161544","더불어민주당","100","1","자치단체장","전주기전대학 사회복지상담과 졸업","2","선거공약서","선거공약서","candidate-doc:100161544:2","false","","false","","","","current_unavailable_official_source","선거공약서||||||0||HEIGHT||Y||||00","","","","Y","","pending_official_source_search"
"420260603-5300-무주군-100162825-2-선거공약서","제9회 전국동시지방선거","5300","전북특별자치도","nec_region_scope","420260603","구·시·군의 장선거","4","4531200","무주군","한송희","100162825","무소속","9999","5","마케팅업","미기재","2","선거공약서","선거공약서","candidate-doc:100162825:2","false","","false","","","","current_unavailable_official_source","선거공약서||||||0||HEIGHT||Y||||00","","","","Y","","pending_official_source_search"
"420260603-5300-장수군-100160494-2-선거공약서","제9회 전국동시지방선거","5300","전북특별자치도","nec_region_scope","420260603","구·시·군의 장선거","4","4531300","장수군","최훈식","100160494","더불어민주당","100","1","장수군수","전북대학교 행정대학원 행정학과 졸업(행정학 석사)","2","선거공약서","선거공약서","candidate-doc:100160494:2","false","","false","","","","current_unavailable_official_source","선거공약서||||||0||HEIGHT||Y||||00","","","","Y","","pending_official_source_search"
"420260603-5300-장수군-100159912-2-선거공약서","제9회 전국동시지방선거","5300","전북특별자치도","nec_region_scope","420260603","구·시·군의 장선거","4","4531300","장수군","장영수","100159912","조국혁신당","5077","3","농업인","전북대학교 행정대학원 지방자치학과 졸업(정치학석사)","2","선거공약서","선거공약서","candidate-doc:100159912:2","false","","false","","","","current_unavailable_official_source","선거공약서||||||0||HEIGHT||Y||||00","","","","Y","","pending_official_source_search"
"420260603-5300-임실군-100160282-2-선거공약서","제9회 전국동시지방선거","5300","전북특별자치도","nec_region_scope","420260603","구·시·군의 장선거","4","4531400","임실군","한득수","100160282","더불어민주당","100","1","축산업","벽성대학 사회복지경영과 졸업","2","선거공약서","선거공약서","candidate-doc:100160282:2","false","","false","","","","current_unavailable_official_source","선거공약서||||||0||HEIGHT||Y||||00","","","","Y","","pending_official_source_search"
"420260603-5300-임실군-100159563-2-선거공약서","제9회 전국동시지방선거","5300","전북특별자치도","nec_region_scope","420260603","구·시·군의 장선거","4","4531400","임실군","정인준","100159563","무소속","9999","5","무직","호원대학교 건축토목공학부 졸업","2","선거공약서","선거공약서","candidate-doc:100159563:2","false","","false","","","","current_unavailable_official_source","선거공약서||||||0||HEIGHT||Y||||00","","","","Y","","pending_official_source_search"
"420260603-5300-임실군-100159965-2-선거공약서","제9회 전국동시지방선거","5300","전북특별자치도","nec_region_scope","420260603","구·시·군의 장선거","4","4531400","임실군","한병락","100159965","무소속","9999","6","무직","서울대학교 행정대학원 졸업(행정학석사)","2","선거공약서","선거공약서","candidate-doc:100159965:2","false","","false","","","","current_unavailable_official_source","선거공약서||||||0||HEIGHT||Y||||00","","","","Y","","pending_official_source_search"
"420260603-5300-순창군-100163638-2-선거공약서","제9회 전국동시지방선거","5300","전북특별자치도","nec_region_scope","420260603","구·시·군의 장선거","4","4531500","순창군","최영일","100163638","더불어민주당","100","1","공무원","전주대학교 경영학부(경영학사)졸업","2","선거공약서","선거공약서","candidate-doc:100163638:2","false","","false","","","","current_unavailable_official_source","선거공약서||||||0||HEIGHT||Y||||00","","","","Y","","pending_official_source_search"
"420260603-5300-순창군-100161080-2-선거공약서","제9회 전국동시지방선거","5300","전북특별자치도","nec_region_scope","420260603","구·시·군의 장선거","4","4531500","순창군","오은미","100161080","진보당","5010","5","전북특별자치도의회 의원","전주한일신학교 신학부(현 한일장신대학교 신학과)졸업","2","선거공약서","선거공약서","candidate-doc:100161080:2","false","","false","","","","current_unavailable_official_source","선거공약서||||||0||HEIGHT||Y||||00","","","","Y","","pending_official_source_search"
"420260603-5300-고창군-100159173-2-선거공약서","제9회 전국동시지방선거","5300","전북특별자치도","nec_region_scope","420260603","구·시·군의 장선거","4","4531600","고창군","장명식","100159173","무소속","9999","5","무직","전북대학교 행정대학원 정치학석사(지방자치학)","2","선거공약서","선거공약서","candidate-doc:100159173:2","false","","false","","","","current_unavailable_official_source","선거공약서||||||0||HEIGHT||Y||||00","","","","Y","","pending_official_source_search"
"420260603-5300-고창군-100159173-3-5대공약","제9회 전국동시지방선거","5300","전북특별자치도","nec_region_scope","420260603","구·시·군의 장선거","4","4531600","고창군","장명식","100159173","무소속","9999","5","무직","전북대학교 행정대학원 정치학석사(지방자치학)","3","5대공약","5대공약","candidate-doc:100159173:3","false","","false","","","","current_unavailable_official_source","5대공약||||||0||HEIGHT||Y||||00","","","","Y","","pending_official_source_search"
"420260603-5300-고창군-100164732-2-선거공약서","제9회 전국동시지방선거","5300","전북특별자치도","nec_region_scope","420260603","구·시·군의 장선거","4","4531600","고창군","정원환","100164732","무소속","9999","6","정치인","우석대학교 예체능대학 4학년 수료","2","선거공약서","선거공약서","candidate-doc:100164732:2","false","","false","","","","current_unavailable_official_source","선거공약서||||||0||HEIGHT||Y||||00","","","","Y","","pending_official_source_search"
"420260603-5300-고창군-100164732-3-5대공약","제9회 전국동시지방선거","5300","전북특별자치도","nec_region_scope","420260603","구·시·군의 장선거","4","4531600","고창군","정원환","100164732","무소속","9999","6","정치인","우석대학교 예체능대학 4학년 수료","3","5대공약","5대공약","candidate-doc:100164732:3","false","","false","","","","current_unavailable_official_source","5대공약||||||0||HEIGHT||Y||||00","","","","Y","","pending_official_source_search"
"420260603-5300-부안군-100159616-2-선거공약서","제9회 전국동시지방선거","5300","전북특별자치도","nec_region_scope","420260603","구·시·군의 장선거","4","4531700","부안군","권익현","100159616","더불어민주당","100","1","선출직공무원","전북대학교 대학원 행정학과 박사과정 수료","2","선거공약서","선거공약서","candidate-doc:100159616:2","false","","false","","","","current_unavailable_official_source","선거공약서||||||0||HEIGHT||Y||||00","","","","Y","","pending_official_source_search"
"420260603-5300-부안군-100159745-2-선거공약서","제9회 전국동시지방선거","5300","전북특별자치도","nec_region_scope","420260603","구·시·군의 장선거","4","4531700","부안군","김성태","100159745","국민의힘","200","2","정당인","전주비전대학교 사회복지경영학과 졸업","2","선거공약서","선거공약서","candidate-doc:100159745:2","false","","false","","","","current_unavailable_official_source","선거공약서||||||0||HEIGHT||Y||||00","","","","Y","","pending_official_source_search"
"420260603-5300-부안군-100159592-2-선거공약서","제9회 전국동시지방선거","5300","전북특별자치도","nec_region_scope","420260603","구·시·군의 장선거","4","4531700","부안군","김성수","100159592","조국혁신당","5077","3","등용 RPC 대표이사","전북대학교 생명자원과학대학원 농업개발학과 졸업(농학석사)","2","선거공약서","선거공약서","candidate-doc:100159592:2","false","","false","","","","current_unavailable_official_source","선거공약서||||||0||HEIGHT||Y||||00","","","","Y","","pending_official_source_search"
"420260603-5300-부안군-100163535-2-선거공약서","제9회 전국동시지방선거","5300","전북특별자치도","nec_region_scope","420260603","구·시·군의 장선거","4","4531700","부안군","김종규","100163535","무소속","9999","5","무직","전주대학교 일반대학원 법학과 박사 학위과정 수료","2","선거공약서","선거공약서","candidate-doc:100163535:2","false","","false","","","","current_unavailable_official_source","선거공약서||||||0||HEIGHT||Y||||00","","","","Y","","pending_official_source_search"
"520260603-5300-전주시제1선거구-100163520-1-선거공보","제9회 전국동시지방선거","5300","전북특별자치도","nec_region_scope","520260603","시·도의회의원선거","5","5530101","전주시제1선거구","이병도","100163520","더불어민주당","100","1","전북특별자치도의회의원","전북대학교 행정대학원 졸업(정치학석사)","1","선거공보","선거공보","candidate-doc:100163520:1","false","","false","","","","current_unavailable_official_source","선거공보||||||0||HEIGHT||Y||||00","","","","N","","pending_official_source_search"
"520260603-5300-전주시제2선거구-100165274-1-선거공보","제9회 전국동시지방선거","5300","전북특별자치도","nec_region_scope","520260603","시·도의회의원선거","5","5530102","전주시제2선거구","진형석","100165274","더불어민주당","100","1","전북특별자치도의회 의원","전북대학교 행정대학원 정치학석사","1","선거공보","선거공보","candidate-doc:100165274:1","false","","false","","","","current_unavailable_official_source","선거공보||||||0||HEIGHT||Y||||00","","","","N","","pending_official_source_search"
"520260603-5300-전주시제3선거구-100161205-1-선거공보","제9회 전국동시지방선거","5300","전북특별자치도","nec_region_scope","520260603","시·도의회의원선거","5","5530103","전주시제3선거구","배정현","100161205","조국혁신당","5077","3","물리치료사","한일장신대학교 생명과학부 졸업","1","선거공보","선거공보","candidate-doc:100161205:1","false","","false","","","","current_unavailable_official_source","선거공보||||||0||HEIGHT||Y||||00","","","","N","","pending_official_source_search"
"520260603-5300-전주시제4선거구-100156068-1-선거공보","제9회 전국동시지방선거","5300","전북특별자치도","nec_region_scope","520260603","시·도의회의원선거","5","5530104","전주시제4선거구","장연국","100156068","더불어민주당","100","1","전북특별자치도의회의원","전북대학교 행정학 석사","1","선거공보","선거공보","candidate-doc:100156068:1","false","","false","","","","current_unavailable_official_source","선거공보||||||0||HEIGHT||Y||||00","","","","N","","pending_official_source_search"
"520260603-5300-전주시제5선거구-100154469-1-선거공보","제9회 전국동시지방선거","5300","전북특별자치도","nec_region_scope","520260603","시·도의회의원선거","5","5530105","전주시제5선거구","송재영","100154469","더불어민주당","100","1","정당인","전북대학교 법과대학 법학과 졸업","1","선거공보","선거공보","candidate-doc:100154469:1","false","","false","","","","current_unavailable_official_source","선거공보||||||0||HEIGHT||Y||||00","","","","N","","pending_official_source_search"
"520260603-5300-전주시제6선거구-100156103-1-선거공보","제9회 전국동시지방선거","5300","전북특별자치도","nec_region_scope","520260603","시·도의회의원선거","5","5530106","전주시제6선거구","김희수","100156103","더불어민주당","100","1","전북특별자치도의회 의원","전주대학교 부동산학 전공 졸업","1","선거공보","선거공보","candidate-doc:100156103:1","false","","false","","","","current_unavailable_official_source","선거공보||||||0||HEIGHT||Y||||00","","","","N","","pending_official_source_search"
"520260603-5300-전주시제7선거구-100164981-1-선거공보","제9회 전국동시지방선거","5300","전북특별자치도","nec_region_scope","520260603","시·도의회의원선거","5","5530107","전주시제7선거구","천서영","100164981","국민의힘","200","2","전주시의회의원","전북대학교 법무대학원 법학과(부동산법) 석사과정 재학","1","선거공보","선거공보","candidate-doc:100164981:1","false","","false","","","","current_unavailable_official_source","선거공보||||||0||HEIGHT||Y||||00","","","","N","","pending_official_source_search"
"520260603-5300-전주시제8선거구-100160786-1-선거공보","제9회 전국동시지방선거","5300","전북특별자치도","nec_region_scope","520260603","시·도의회의원선거","5","5530201","전주시제8선거구","남관우","100160786","더불어민주당","100","1","전주시의회 의원","전북과학대학 졸업(방송전문학사)","1","선거공보","선거공보","candidate-doc:100160786:1","false","","false","","","","current_unavailable_official_source","선거공보||||||0||HEIGHT||Y||||00","","","","N","","pending_official_source_search"
"520260603-5300-전주시제9선거구-100158161-1-선거공보","제9회 전국동시지방선거","5300","전북특별자치도","nec_region_scope","520260603","시·도의회의원선거","5","5530202","전주시제9선거구","서난이","100158161","더불어민주당","100","1","전북특별자치도의회 의원","전북대학교 대학원 정치학과 박사과정 수료","1","선거공보","선거공보","candidate-doc:100158161:1","false","","false","","","","current_unavailable_official_source","선거공보||||||0||HEIGHT||Y||||00","","","","N","","pending_official_source_search"
"520260603-5300-전주시제10선거구-100162042-1-선거공보","제9회 전국동시지방선거","5300","전북특별자치도","nec_region_scope","520260603","시·도의회의원선거","5","5530203","전주시제10선거구","이명연","100162042","더불어민주당","100","1","전북특별자치도의회의원","전북대학교 행정대학원 지방자치학과 졸업","1","선거공보","선거공보","candidate-doc:100162042:1","false","","false","","","","current_unavailable_official_source","선거공보||||||0||HEIGHT||Y||||00","","","","N","","pending_official_source_search"
"520260603-5300-전주시제11선거구-100157972-1-선거공보","제9회 전국동시지방선거","5300","전북특별자치도","nec_region_scope","520260603","시·도의회의원선거","5","5530204","전주시제11선거구","김남규","100157972","더불어민주당","100","1","무직","전북대학교 축산학과 졸업","1","선거공보","선거공보","candidate-doc:100157972:1","false","","false","","","","current_unavailable_official_source","선거공보||||||0||HEIGHT||Y||||00","","","","N","","pending_official_source_search"
"520260603-5300-전주시제12선거구-100154410-1-선거공보","제9회 전국동시지방선거","5300","전북특별자치도","nec_region_scope","520260603","시·도의회의원선거","5","5530205","전주시제12선거구","노경만","100154410","더불어민주당","100","1","자영업","전북대학교 정치외교학과 졸업","1","선거공보","선거공보","candidate-doc:100154410:1","false","","false","","","","current_unavailable_official_source","선거공보||||||0||HEIGHT||Y||||00","","","","N","","pending_official_source_search"
"520260603-5300-군산시제2선거구-100155907-1-선거공보","제9회 전국동시지방선거","5300","전북특별자치도","nec_region_scope","520260603","시·도의회의원선거","5","5530302","군산시제2선거구","김동구","100155907","더불어민주당","100","1","전북특별자치도의회의원","원광대학교 물리학과 졸업","1","선거공보","선거공보","candidate-doc:100155907:1","false","","false","","","","current_unavailable_official_source","선거공보||||||0||HEIGHT||Y||||00","","","","N","","pending_official_source_search"
"520260603-5300-군산시제2선거구-100157378-1-선거공보","제9회 전국동시지방선거","5300","전북특별자치도","nec_region_scope","520260603","시·도의회의원선거","5","5530302","군산시제2선거구","안근","100157378","조국혁신당","5077","3","뿌리기획 대표","군산대학교대학원 사법행정학과 졸업(법학박사)","1","선거공보","선거공보","candidate-doc:100157378:1","false","","false","","","","current_unavailable_official_source","선거공보||||||0||HEIGHT||Y||||00","","","","N","","pending_official_source_search"
"520260603-5300-군산시제3선거구-100165111-1-선거공보","제9회 전국동시지방선거","5300","전북특별자치도","nec_region_scope","520260603","시·도의회의원선거","5","5530303","군산시제3선거구","나종대","100165111","더불어민주당","100","1","제9대 군산시의회의원","군산대학교 무역학과 졸업","1","선거공보","선거공보","candidate-doc:100165111:1","false","","false","","","","current_unavailable_official_source","선거공보||||||0||HEIGHT||Y||||00","","","","N","","pending_official_source_search"
"520260603-5300-군산시제4선거구-100154283-1-선거공보","제9회 전국동시지방선거","5300","전북특별자치도","nec_region_scope","520260603","시·도의회의원선거","5","5530304","군산시제4선거구","한준희","100154283","더불어민주당","100","1","개인사업자","고려대학교 정책대학원 국토경제학과 졸업(경제학석사 국토경제)","1","선거공보","선거공보","candidate-doc:100154283:1","false","","false","","","","current_unavailable_official_source","선거공보||||||0||HEIGHT||Y||||00","","","","N","","pending_official_source_search"
"520260603-5300-군산시제5선거구-100163145-1-선거공보","제9회 전국동시지방선거","5300","전북특별자치도","nec_region_scope","520260603","시·도의회의원선거","5","5530305","군산시제5선거구","김우민","100163145","더불어민주당","100","1","정당인","전북대학교 사회과학대학 행정학과 졸업","1","선거공보","선거공보","candidate-doc:100163145:1","false","","false","","","","current_unavailable_official_source","선거공보||||||0||HEIGHT||Y||||00","","","","N","","pending_official_source_search"
"520260603-5300-익산시제1선거구-100162867-1-선거공보","제9회 전국동시지방선거","5300","전북특별자치도","nec_region_scope","520260603","시·도의회의원선거","5","5530501","익산시제1선거구","최종오","100162867","더불어민주당","100","1","익산시의회의원","전북대학교 경영대학원 회계학과(세무회계) 졸업","1","선거공보","선거공보","candidate-doc:100162867:1","false","","false","","","","current_unavailable_official_source","선거공보||||||0||HEIGHT||Y||||00","","","","N","","pending_official_source_search"
"520260603-5300-익산시제2선거구-100157639-1-선거공보","제9회 전국동시지방선거","5300","전북특별자치도","nec_region_scope","520260603","시·도의회의원선거","5","5530502","익산시제2선거구","조은희","100157639","더불어민주당","100","1","정치인","원광대학교 일반대학원 경영학과 석사과정 수료","1","선거공보","선거공보","candidate-doc:100157639:1","false","","false","","","","current_unavailable_official_source","선거공보||||||0||HEIGHT||Y||||00","","","","N","","pending_official_source_search"
"520260603-5300-익산시제3선거구-100157420-1-선거공보","제9회 전국동시지방선거","5300","전북특별자치도","nec_region_scope","520260603","시·도의회의원선거","5","5530503","익산시제3선거구","김경진","100157420","더불어민주당","100","1","정당인","원광대학교 경영학부 졸업","1","선거공보","선거공보","candidate-doc:100157420:1","false","","false","","","","current_unavailable_official_source","선거공보||||||0||HEIGHT||Y||||00","","","","N","","pending_official_source_search"
"520260603-5300-익산시제4선거구-100155222-1-선거공보","제9회 전국동시지방선거","5300","전북특별자치도","nec_region_scope","520260603","시·도의회의원선거","5","5530504","익산시제4선거구","한정수","100155222","더불어민주당","100","1","전북특별자치도의회의원","원광대학교 경상대학 경영학과 졸업","1","선거공보","선거공보","candidate-doc:100155222:1","false","","false","","","","current_unavailable_official_source","선거공보||||||0||HEIGHT||Y||||00","","","","N","","pending_official_source_search"
"520260603-5300-익산시제5선거구-100154153-1-선거공보","제9회 전국동시지방선거","5300","전북특별자치도","nec_region_scope","520260603","시·도의회의원선거","5","5530505","익산시제5선거구","김대중","100154153","더불어민주당","100","1","전북특별자치도의회 의원","전북대학교 행정대학원 졸업(정치학 석사)","1","선거공보","선거공보","candidate-doc:100154153:1","false","","false","","","","current_unavailable_official_source","선거공보||||||0||HEIGHT||Y||||00","","","","N","","pending_official_source_search"
"520260603-5300-정읍시제1선거구-100154075-1-선거공보","제9회 전국동시지방선거","5300","전북특별자치도","nec_region_scope","520260603","시·도의회의원선거","5","5530701","정읍시제1선거구","임승식","100154075","더불어민주당","100","1","전북특별자치도의회의원","전북대학교 농업개발대학원 농업개발학과 석사과정 수료","1","선거공보","선거공보","candidate-doc:100154075:1","false","","false","","","","current_unavailable_official_source","선거공보||||||0||HEIGHT||Y||||00","","","","N","","pending_official_source_search"
"520260603-5300-정읍시제2선거구-100154849-1-선거공보","제9회 전국동시지방선거","5300","전북특별자치도","nec_region_scope","520260603","시·도의회의원선거","5","5530702","정읍시제2선거구","염영선","100154849","더불어민주당","100","1","전북특별자치도의회의원","성균관대학교 사회학과 졸업","1","선거공보","선거공보","candidate-doc:100154849:1","false","","false","","","","current_unavailable_official_source","선거공보||||||0||HEIGHT||Y||||00","","","","N","","pending_official_source_search"
"520260603-5300-정읍시제2선거구-100156640-1-선거공보","제9회 전국동시지방선거","5300","전북특별자치도","nec_region_scope","520260603","시·도의회의원선거","5","5530702","정읍시제2선거구","이윤호","100156640","조국혁신당","5077","3","(주)스마트나노 사외이사","전북과학대학교 사회복지과 재학","1","선거공보","선거공보","candidate-doc:100156640:1","false","","false","","","","current_unavailable_official_source","선거공보||||||0||HEIGHT||Y||||00","","","","N","","pending_official_source_search"
"520260603-5300-김제시제1선거구-100156972-1-선거공보","제9회 전국동시지방선거","5300","전북특별자치도","nec_region_scope","520260603","시·도의회의원선거","5","5530901","김제시제1선거구","김주택","100156972","더불어민주당","100","1","농업","전주대학교 경영행정대학원 졸업(행정학 석사)","1","선거공보","선거공보","candidate-doc:100156972:1","false","","false","","","","current_unavailable_official_source","선거공보||||||0||HEIGHT||Y||||00","","","","N","","pending_official_source_search"
"520260603-5300-김제시제2선거구-100158070-1-선거공보","제9회 전국동시지방선거","5300","전북특별자치도","nec_region_scope","520260603","시·도의회의원선거","5","5530902","김제시제2선거구","김영자","100158070","더불어민주당","100","1","정당인","전북대학교 공공정책대학원 행정학석사 졸업","1","선거공보","선거공보","candidate-doc:100158070:1","false","","false","","","","current_unavailable_official_source","선거공보||||||0||HEIGHT||Y||||00","","","","N","","pending_official_source_search"
"520260603-5300-김제시제2선거구-100156256-1-선거공보","제9회 전국동시지방선거","5300","전북특별자치도","nec_region_scope","520260603","시·도의회의원선거","5","5530902","김제시제2선거구","백창민","100156256","무소속","9999","5","무직","전북대학교 행정대학원 석사과정수료","1","선거공보","선거공보","candidate-doc:100156256:1","false","","false","","","","current_unavailable_official_source","선거공보||||||0||HEIGHT||Y||||00","","","","N","","pending_official_source_search"
"520260603-5300-완주군제1선거구-100156013-1-선거공보","제9회 전국동시지방선거","5300","전북특별자치도","nec_region_scope","520260603","시·도의회의원선거","5","5531001","완주군제1선거구","윤수봉","100156013","더불어민주당","100","1","전북특별자치도의회의원","전북대학교 공공정책대학원 석사졸업(행정학석사)","1","선거공보","선거공보","candidate-doc:100156013:1","false","","false","","","","current_unavailable_official_source","선거공보||||||0||HEIGHT||Y||||00","","","","N","","pending_official_source_search"
"520260603-5300-완주군제2선거구-100157704-1-선거공보","제9회 전국동시지방선거","5300","전북특별자치도","nec_region_scope","520260603","시·도의회의원선거","5","5531002","완주군제2선거구","권요안","100157704","더불어민주당","100","1","전북특별자치도의회의원","전북대학교 지방자치학과 석사 수료","1","선거공보","선거공보","candidate-doc:100157704:1","false","","false","","","","current_unavailable_official_source","선거공보||||||0||HEIGHT||Y||||00","","","","N","","pending_official_source_search"
"520260603-5300-무주군선거구-100154456-1-선거공보","제9회 전국동시지방선거","5300","전북특별자치도","nec_region_scope","520260603","시·도의회의원선거","5","5531201","무주군선거구","유송열","100154456","더불어민주당","100","1","무직","한국방송통신대학교 농학과 졸업","1","선거공보","선거공보","candidate-doc:100154456:1","false","","false","","","","current_unavailable_official_source","선거공보||||||0||HEIGHT||Y||||00","","","","N","","pending_official_source_search"
"520260603-5300-장수군선거구-100160395-1-선거공보","제9회 전국동시지방선거","5300","전북특별자치도","nec_region_scope","520260603","시·도의회의원선거","5","5531301","장수군선거구","장정복","100160395","더불어민주당","100","1","장수군의회의원","원광보건전문대학(현,원광대학교) 임상병리과 졸업","1","선거공보","선거공보","candidate-doc:100160395:1","false","","false","","","","current_unavailable_official_source","선거공보||||||0||HEIGHT||Y||||00","","","","N","","pending_official_source_search"
"520260603-5300-장수군선거구-100158310-1-선거공보","제9회 전국동시지방선거","5300","전북특별자치도","nec_region_scope","520260603","시·도의회의원선거","5","5531301","장수군선거구","박용근","100158310","무소속","9999","5","정치인","전북대학교 대학원 법학과 졸업(법학박사)","1","선거공보","선거공보","candidate-doc:100158310:1","false","","false","","","","current_unavailable_official_source","선거공보||||||0||HEIGHT||Y||||00","","","","N","","pending_official_source_search"
"520260603-5300-고창군제1선거구-100159373-1-선거공보","제9회 전국동시지방선거","5300","전북특별자치도","nec_region_scope","520260603","시·도의회의원선거","5","5531601","고창군제1선거구","김성수","100159373","더불어민주당","100","1","세무사","전북대학교 상과대학 경영학부(경영학) 졸업","1","선거공보","선거공보","candidate-doc:100159373:1","false","","false","","","","current_unavailable_official_source","선거공보||||||0||HEIGHT||Y||||00","","","","N","","pending_official_source_search"
"520260603-5300-고창군제2선거구-100154144-1-선거공보","제9회 전국동시지방선거","5300","전북특별자치도","nec_region_scope","520260603","시·도의회의원선거","5","5531602","고창군제2선거구","김정강","100154144","더불어민주당","100","1","무직","원광대학교 행정대학원 졸업(사회복지학 석사)","1","선거공보","선거공보","candidate-doc:100154144:1","false","","false","","","","current_unavailable_official_source","선거공보||||||0||HEIGHT||Y||||00","","","","N","","pending_official_source_search"
"620260603-5300-전주시라선거구-100156278-1-선거공보","제9회 전국동시지방선거","5300","전북특별자치도","nec_region_scope","620260603","구·시·군의회의원선거","6","6530104","전주시라선거구","최명철","100156278","더불어민주당","100","1","전주시의회의원","전주대학교 영어영문학과 졸업","1","선거공보","선거공보","candidate-doc:100156278:1","false","","false","","","","current_unavailable_official_source","선거공보||||||0||HEIGHT||Y||||00","","","","N","","pending_official_source_search"
"620260603-5300-전주시마선거구-100156826-1-선거공보","제9회 전국동시지방선거","5300","전북특별자치도","nec_region_scope","620260603","구·시·군의회의원선거","6","6530105","전주시마선거구","진예찬","100156826","더불어민주당","100","1","개인사업자","전북대학교 법무대학원 법학과 석사과정수료","1","선거공보","선거공보","candidate-doc:100156826:1","false","","false","","","","current_unavailable_official_source","선거공보||||||0||HEIGHT||Y||||00","","","","N","","pending_official_source_search"
"620260603-5300-전주시마선거구-100156542-1-선거공보","제9회 전국동시지방선거","5300","전북특별자치도","nec_region_scope","620260603","구·시·군의회의원선거","6","6530105","전주시마선거구","김동헌","100156542","더불어민주당","100","1","전주시의회 의원","원광대학교 행정대학원 사회복지학 석사","1","선거공보","선거공보","candidate-doc:100156542:1","false","","false","","","","current_unavailable_official_source","선거공보||||||0||HEIGHT||Y||||00","","","","N","","pending_official_source_search"
"620260603-5300-전주시마선거구-100158691-1-선거공보","제9회 전국동시지방선거","5300","전북특별자치도","nec_region_scope","620260603","구·시·군의회의원선거","6","6530105","전주시마선거구","김현덕","100158691","무소속","9999","6","전주시의회의원","우석대학교 태권도학과 졸업","1","선거공보","선거공보","candidate-doc:100158691:1","false","","false","","","","current_unavailable_official_source","선거공보||||||0||HEIGHT||Y||||00","","","","N","","pending_official_source_search"
"620260603-5300-전주시타선거구-100154430-1-선거공보","제9회 전국동시지방선거","5300","전북특별자치도","nec_region_scope","620260603","구·시·군의회의원선거","6","6530205","전주시타선거구","신인철","100154430","더불어민주당","100","1","정당인","전북대학교 공공정책대학원 사회복지학과 졸업","1","선거공보","선거공보","candidate-doc:100154430:1","false","","false","","","","current_unavailable_official_source","선거공보||||||0||HEIGHT||Y||||00","","","","N","","pending_official_source_search"
"620260603-5300-전주시타선거구-100157682-1-선거공보","제9회 전국동시지방선거","5300","전북특별자치도","nec_region_scope","620260603","구·시·군의회의원선거","6","6530205","전주시타선거구","신유정","100157682","더불어민주당","100","1","전주시의회의원","전북대학교 사회학과 졸업","1","선거공보","선거공보","candidate-doc:100157682:1","false","","false","","","","current_unavailable_official_source","선거공보||||||0||HEIGHT||Y||||00","","","","N","","pending_official_source_search"
"620260603-5300-군산시다선거구-100154013-1-선거공보","제9회 전국동시지방선거","5300","전북특별자치도","nec_region_scope","620260603","구·시·군의회의원선거","6","6530303","군산시다선거구","최경애","100154013","더불어민주당","100","1","동군산발전포럼 대표","전북대학교 사회학과 졸업","1","선거공보","선거공보","candidate-doc:100154013:1","false","","false","","","","current_unavailable_official_source","선거공보||||||0||HEIGHT||Y||||00","","","","N","","pending_official_source_search"
"620260603-5300-군산시다선거구-100153876-1-선거공보","제9회 전국동시지방선거","5300","전북특별자치도","nec_region_scope","620260603","구·시·군의회의원선거","6","6530303","군산시다선거구","이동현","100153876","더불어민주당","100","1","농민농약백화점 대표","원광대학교 대학원 수학과 졸업(이학석사)","1","선거공보","선거공보","candidate-doc:100153876:1","false","","false","","","","current_unavailable_official_source","선거공보||||||0||HEIGHT||Y||||00","","","","N","","pending_official_source_search"
"620260603-5300-익산시가선거구-100155960-1-선거공보","제9회 전국동시지방선거","5300","전북특별자치도","nec_region_scope","620260603","구·시·군의회의원선거","6","6530501","익산시가선거구","김미선","100155960","더불어민주당","100","1","익산시의회의원","미기재","1","선거공보","선거공보","candidate-doc:100155960:1","false","","false","","","","current_unavailable_official_source","선거공보||||||0||HEIGHT||Y||||00","","","","N","","pending_official_source_search"
"620260603-5300-익산시가선거구-100155969-1-선거공보","제9회 전국동시지방선거","5300","전북특별자치도","nec_region_scope","620260603","구·시·군의회의원선거","6","6530501","익산시가선거구","장경호","100155969","더불어민주당","100","1","익산시의회 의원","원광대학교 국사교육과 졸업","1","선거공보","선거공보","candidate-doc:100155969:1","false","","false","","","","current_unavailable_official_source","선거공보||||||0||HEIGHT||Y||||00","","","","N","","pending_official_source_search"
"620260603-5300-정읍시가선거구-100155288-1-선거공보","제9회 전국동시지방선거","5300","전북특별자치도","nec_region_scope","620260603","구·시·군의회의원선거","6","6530701","정읍시가선거구","오명제","100155288","더불어민주당","100","1","정읍시의회 의원","전북산업대학교(현 호원대학교) 토목공학과 졸업","1","선거공보","선거공보","candidate-doc:100155288:1","false","","false","","","","current_unavailable_official_source","선거공보||||||0||HEIGHT||Y||||00","","","","N","","pending_official_source_search"
"620260603-5300-정읍시가선거구-100158556-1-선거공보","제9회 전국동시지방선거","5300","전북특별자치도","nec_region_scope","620260603","구·시·군의회의원선거","6","6530701","정읍시가선거구","고성환","100158556","더불어민주당","100","1","정읍시의회의원","고려대학교 철학과 졸업","1","선거공보","선거공보","candidate-doc:100158556:1","false","","false","","","","current_unavailable_official_source","선거공보||||||0||HEIGHT||Y||||00","","","","N","","pending_official_source_search"
"620260603-5300-정읍시가선거구-100155630-1-선거공보","제9회 전국동시지방선거","5300","전북특별자치도","nec_region_scope","620260603","구·시·군의회의원선거","6","6530701","정읍시가선거구","박철용","100155630","조국혁신당","5077","3","정당인","전북과학대학교 복지계열(사회복지전공) 졸업","1","선거공보","선거공보","candidate-doc:100155630:1","false","","false","","","","current_unavailable_official_source","선거공보||||||0||HEIGHT||Y||||00","","","","N","","pending_official_source_search"
"620260603-5300-정읍시가선거구-100156986-1-선거공보","제9회 전국동시지방선거","5300","전북특별자치도","nec_region_scope","620260603","구·시·군의회의원선거","6","6530701","정읍시가선거구","오승현","100156986","무소속","9999","5","정읍시의회의원","전북과학대학교 방송연예·미디어과 졸업","1","선거공보","선거공보","candidate-doc:100156986:1","false","","false","","","","current_unavailable_official_source","선거공보||||||0||HEIGHT||Y||||00","","","","N","","pending_official_source_search"
"620260603-5300-정읍시나선거구-100154009-1-선거공보","제9회 전국동시지방선거","5300","전북특별자치도","nec_region_scope","620260603","구·시·군의회의원선거","6","6530702","정읍시나선거구","김경섭","100154009","더불어민주당","100","1","축산업","호원대학교 행정학과 졸업","1","선거공보","선거공보","candidate-doc:100154009:1","false","","false","","","","current_unavailable_official_source","선거공보||||||0||HEIGHT||Y||||00","","","","N","","pending_official_source_search"
"620260603-5300-정읍시나선거구-100165552-1-선거공보","제9회 전국동시지방선거","5300","전북특별자치도","nec_region_scope","620260603","구·시·군의회의원선거","6","6530702","정읍시나선거구","고경윤","100165552","더불어민주당","100","1","정읍시의회 의원","전북과학대학교 스마트정보과 졸업","1","선거공보","선거공보","candidate-doc:100165552:1","false","","false","","","","current_unavailable_official_source","선거공보||||||0||HEIGHT||Y||||00","","","","N","","pending_official_source_search"
"620260603-5300-정읍시나선거구-100160638-1-선거공보","제9회 전국동시지방선거","5300","전북특별자치도","nec_region_scope","620260603","구·시·군의회의원선거","6","6530702","정읍시나선거구","이복형","100160638","무소속","9999","5","축산업","전북과학대학교 경영계열(세무회계전공) 졸업","1","선거공보","선거공보","candidate-doc:100160638:1","false","","false","","","","current_unavailable_official_source","선거공보||||||0||HEIGHT||Y||||00","","","","N","","pending_official_source_search"
"620260603-5300-정읍시나선거구-100158295-1-선거공보","제9회 전국동시지방선거","5300","전북특별자치도","nec_region_scope","620260603","구·시·군의회의원선거","6","6530702","정읍시나선거구","이영민","100158295","무소속","9999","6","내장산기획사 대표","한국방송통신대학교 사회복지학과 졸업","1","선거공보","선거공보","candidate-doc:100158295:1","false","","false","","","","current_unavailable_official_source","선거공보||||||0||HEIGHT||Y||||00","","","","N","","pending_official_source_search"
"620260603-5300-정읍시다선거구-100156907-1-선거공보","제9회 전국동시지방선거","5300","전북특별자치도","nec_region_scope","620260603","구·시·군의회의원선거","6","6530703","정읍시다선거구","황혜숙","100156907","더불어민주당","100","1","정읍시의회의원","전북과학대학교 스마트정보과 1년 제적(2014.03~2014.10)","1","선거공보","선거공보","candidate-doc:100156907:1","false","","false","","","","current_unavailable_official_source","선거공보||||||0||HEIGHT||Y||||00","","","","N","","pending_official_source_search"
"620260603-5300-정읍시다선거구-100155403-1-선거공보","제9회 전국동시지방선거","5300","전북특별자치도","nec_region_scope","620260603","구·시·군의회의원선거","6","6530703","정읍시다선거구","한선미","100155403","더불어민주당","100","1","정읍시의회 의원","호남신학대학교 신학과 졸업(복수전공: 사회복지상담학과)","1","선거공보","선거공보","candidate-doc:100155403:1","false","","false","","","","current_unavailable_official_source","선거공보||||||0||HEIGHT||Y||||00","","","","N","","pending_official_source_search"
"620260603-5300-정읍시라선거구-100153909-1-선거공보","제9회 전국동시지방선거","5300","전북특별자치도","nec_region_scope","620260603","구·시·군의회의원선거","6","6530704","정읍시라선거구","최강술","100153909","더불어민주당","100","1","농업","한국방송통신대학교 농학과 졸업","1","선거공보","선거공보","candidate-doc:100153909:1","false","","false","","","","current_unavailable_official_source","선거공보||||||0||HEIGHT||Y||||00","","","","N","","pending_official_source_search"
"620260603-5300-정읍시라선거구-100157273-1-선거공보","제9회 전국동시지방선거","5300","전북특별자치도","nec_region_scope","620260603","구·시·군의회의원선거","6","6530704","정읍시라선거구","최재기","100157273","더불어민주당","100","1","정읍시의회 의원","전북과학대학교 스마트정보과 졸업(공업전문학사)","1","선거공보","선거공보","candidate-doc:100157273:1","false","","false","","","","current_unavailable_official_source","선거공보||||||0||HEIGHT||Y||||00","","","","N","","pending_official_source_search"
"620260603-5300-정읍시라선거구-100158753-1-선거공보","제9회 전국동시지방선거","5300","전북특별자치도","nec_region_scope","620260603","구·시·군의회의원선거","6","6530704","정읍시라선거구","박성완","100158753","조국혁신당","5077","3","호남식당 대표","군산대학교 경영회계학부 졸업","1","선거공보","선거공보","candidate-doc:100158753:1","false","","false","","","","current_unavailable_official_source","선거공보||||||0||HEIGHT||Y||||00","","","","N","","pending_official_source_search"
"620260603-5300-정읍시라선거구-100161796-1-선거공보","제9회 전국동시지방선거","5300","전북특별자치도","nec_region_scope","620260603","구·시·군의회의원선거","6","6530704","정읍시라선거구","김승범","100161796","무소속","9999","5","정읍시의회의원","벽성대학 사회복지경영과 졸업","1","선거공보","선거공보","candidate-doc:100161796:1","false","","false","","","","current_unavailable_official_source","선거공보||||||0||HEIGHT||Y||||00","","","","N","","pending_official_source_search"
"620260603-5300-정읍시마선거구-100153906-1-선거공보","제9회 전국동시지방선거","5300","전북특별자치도","nec_region_scope","620260603","구·시·군의회의원선거","6","6530705","정읍시마선거구","이남희","100153906","더불어민주당","100","1","정당인","전북대학교 행정대학원 졸업(행정학석사)","1","선거공보","선거공보","candidate-doc:100153906:1","false","","false","","","","current_unavailable_official_source","선거공보||||||0||HEIGHT||Y||||00","","","","N","","pending_official_source_search"
"620260603-5300-정읍시마선거구-100155407-1-선거공보","제9회 전국동시지방선거","5300","전북특별자치도","nec_region_scope","620260603","구·시·군의회의원선거","6","6530705","정읍시마선거구","김용훈","100155407","더불어민주당","100","1","유한회사 시원 공동대표","전북대학교 토목공학과 졸업","1","선거공보","선거공보","candidate-doc:100155407:1","false","","false","","","","current_unavailable_official_source","선거공보||||||0||HEIGHT||Y||||00","","","","N","","pending_official_source_search"
"620260603-5300-정읍시마선거구-100157626-1-선거공보","제9회 전국동시지방선거","5300","전북특별자치도","nec_region_scope","620260603","구·시·군의회의원선거","6","6530705","정읍시마선거구","김을수","100157626","조국혁신당","5077","3","회사원","우석대학교 스포츠지도학과 졸업","1","선거공보","선거공보","candidate-doc:100157626:1","false","","false","","","","current_unavailable_official_source","선거공보||||||0||HEIGHT||Y||||00","","","","N","","pending_official_source_search"
"620260603-5300-정읍시마선거구-100160174-1-선거공보","제9회 전국동시지방선거","5300","전북특별자치도","nec_region_scope","620260603","구·시·군의회의원선거","6","6530705","정읍시마선거구","이도형","100160174","무소속","9999","5","정읍시의회의원","전주대학교 행정대학원 사회복지학과 수료","1","선거공보","선거공보","candidate-doc:100160174:1","false","","false","","","","current_unavailable_official_source","선거공보||||||0||HEIGHT||Y||||00","","","","N","","pending_official_source_search"
"620260603-5300-정읍시마선거구-100155315-1-선거공보","제9회 전국동시지방선거","5300","전북특별자치도","nec_region_scope","620260603","구·시·군의회의원선거","6","6530705","정읍시마선거구","김석환","100155315","무소속","9999","6","정읍시의회 의원","전북과학대학교 호텔·관광·바리스타과 졸업","1","선거공보","선거공보","candidate-doc:100155315:1","false","","false","","","","current_unavailable_official_source","선거공보||||||0||HEIGHT||Y||||00","","","","N","","pending_official_source_search"
"620260603-5300-정읍시바선거구-100154880-1-선거공보","제9회 전국동시지방선거","5300","전북특별자치도","nec_region_scope","620260603","구·시·군의회의원선거","6","6530706","정읍시바선거구","서향경","100154880","더불어민주당","100","1","정읍시의회 의원","전북대학교 대학원 박사과정 수료","1","선거공보","선거공보","candidate-doc:100154880:1","false","","false","","","","current_unavailable_official_source","선거공보||||||0||HEIGHT||Y||||00","","","","N","","pending_official_source_search"
"620260603-5300-정읍시바선거구-100158689-1-선거공보","제9회 전국동시지방선거","5300","전북특별자치도","nec_region_scope","620260603","구·시·군의회의원선거","6","6530706","정읍시바선거구","박일","100158689","더불어민주당","100","1","정읍시의회의원","원광대학교 영어영문학과 졸업","1","선거공보","선거공보","candidate-doc:100158689:1","false","","false","","","","current_unavailable_official_source","선거공보||||||0||HEIGHT||Y||||00","","","","N","","pending_official_source_search"
"620260603-5300-정읍시바선거구-100163544-1-선거공보","제9회 전국동시지방선거","5300","전북특별자치도","nec_region_scope","620260603","구·시·군의회의원선거","6","6530706","정읍시바선거구","조상중","100163544","무소속","9999","5","임대업","원광대학교 경영대학 경영학부 졸업","1","선거공보","선거공보","candidate-doc:100163544:1","false","","false","","","","current_unavailable_official_source","선거공보||||||0||HEIGHT||Y||||00","","","","N","","pending_official_source_search"
"620260603-5300-정읍시사선거구-100154195-1-선거공보","제9회 전국동시지방선거","5300","전북특별자치도","nec_region_scope","620260603","구·시·군의회의원선거","6","6530707","정읍시사선거구","정상섭","100154195","더불어민주당","100","1","정당인","전북대학교 대학원 법학과 졸업(법학석사)","1","선거공보","선거공보","candidate-doc:100154195:1","false","","false","","","","current_unavailable_official_source","선거공보||||||0||HEIGHT||Y||||00","","","","N","","pending_official_source_search"
"620260603-5300-정읍시사선거구-100154276-1-선거공보","제9회 전국동시지방선거","5300","전북특별자치도","nec_region_scope","620260603","구·시·군의회의원선거","6","6530707","정읍시사선거구","김영현","100154276","더불어민주당","100","1","자영업(셀프빨래방 운영)","군산대학교 교육대학원 교육학과 졸업(교육학석사 체육교육)","1","선거공보","선거공보","candidate-doc:100154276:1","false","","false","","","","current_unavailable_official_source","선거공보||||||0||HEIGHT||Y||||00","","","","N","","pending_official_source_search"
"620260603-5300-정읍시사선거구-100158440-1-선거공보","제9회 전국동시지방선거","5300","전북특별자치도","nec_region_scope","620260603","구·시·군의회의원선거","6","6530707","정읍시사선거구","이홍로","100158440","조국혁신당","5077","3","구파백정기의사 기념사업회 회장","원광대학교 행정대학원 지방자치학과 졸업(행정학 석사)","1","선거공보","선거공보","candidate-doc:100158440:1","false","","false","","","","current_unavailable_official_source","선거공보||||||0||HEIGHT||Y||||00","","","","N","","pending_official_source_search"
"620260603-5300-정읍시사선거구-100160733-1-선거공보","제9회 전국동시지방선거","5300","전북특별자치도","nec_region_scope","620260603","구·시·군의회의원선거","6","6530707","정읍시사선거구","이만재","100160733","무소속","9999","5","정읍시의회 의원","우석대학교 경영문화대학원 경영학과 졸업(경영학 석사)","1","선거공보","선거공보","candidate-doc:100160733:1","false","","false","","","","current_unavailable_official_source","선거공보||||||0||HEIGHT||Y||||00","","","","N","","pending_official_source_search"
"620260603-5300-남원시가선거구-100156205-1-선거공보","제9회 전국동시지방선거","5300","전북특별자치도","nec_region_scope","620260603","구·시·군의회의원선거","6","6530801","남원시가선거구","소태수","100156205","더불어민주당","100","1","남원시의회의원","전남과학대학 지리정보토목과 졸업","1","선거공보","선거공보","candidate-doc:100156205:1","false","","false","","","","current_unavailable_official_source","선거공보||||||0||HEIGHT||Y||||00","","","","N","","pending_official_source_search"
"620260603-5300-남원시가선거구-100155716-1-선거공보","제9회 전국동시지방선거","5300","전북특별자치도","nec_region_scope","620260603","구·시·군의회의원선거","6","6530801","남원시가선거구","조용수","100155716","더불어민주당","100","1","농업","전북대학교 경영대학원 산업경제학과 졸업(경제학석사)","1","선거공보","선거공보","candidate-doc:100155716:1","false","","false","","","","current_unavailable_official_source","선거공보||||||0||HEIGHT||Y||||00","","","","N","","pending_official_source_search"
"620260603-5300-남원시라선거구-100155733-1-선거공보","제9회 전국동시지방선거","5300","전북특별자치도","nec_region_scope","620260603","구·시·군의회의원선거","6","6530804","남원시라선거구","장병옥","100155733","더불어민주당","100","1","농업","성원고등학교 졸업","1","선거공보","선거공보","candidate-doc:100155733:1","false","","false","","","","current_unavailable_official_source","선거공보||||||0||HEIGHT||Y||||00","","","","N","","pending_official_source_search"
"620260603-5300-남원시라선거구-100157834-1-선거공보","제9회 전국동시지방선거","5300","전북특별자치도","nec_region_scope","620260603","구·시·군의회의원선거","6","6530804","남원시라선거구","이기열","100157834","더불어민주당","100","1","남원시의회의원","성원고등학교 졸업","1","선거공보","선거공보","candidate-doc:100157834:1","false","","false","","","","current_unavailable_official_source","선거공보||||||0||HEIGHT||Y||||00","","","","N","","pending_official_source_search"
"620260603-5300-김제시가선거구-100155770-1-선거공보","제9회 전국동시지방선거","5300","전북특별자치도","nec_region_scope","620260603","구·시·군의회의원선거","6","6530901","김제시가선거구","이정자","100155770","더불어민주당","100","1","김제시의회의원","행정학사(사회복지학 전공)","1","선거공보","선거공보","candidate-doc:100155770:1","false","","false","","","","current_unavailable_official_source","선거공보||||||0||HEIGHT||Y||||00","","","","N","","pending_official_source_search"
"620260603-5300-김제시가선거구-100155176-1-선거공보","제9회 전국동시지방선거","5300","전북특별자치도","nec_region_scope","620260603","구·시·군의회의원선거","6","6530901","김제시가선거구","주상현","100155176","더불어민주당","100","1","김제시의회의원","전북대학교 공공정책대학원 행정학과 졸업(행정학 석사)","1","선거공보","선거공보","candidate-doc:100155176:1","false","","false","","","","current_unavailable_official_source","선거공보||||||0||HEIGHT||Y||||00","","","","N","","pending_official_source_search"
"620260603-5300-김제시가선거구-100157560-1-선거공보","제9회 전국동시지방선거","5300","전북특별자치도","nec_region_scope","620260603","구·시·군의회의원선거","6","6530901","김제시가선거구","남궁윤","100157560","더불어민주당","100","1","정당인","동국대 대학원 교육학과 교육행정전공 교육학박사 졸업","1","선거공보","선거공보","candidate-doc:100157560:1","false","","false","","","","current_unavailable_official_source","선거공보||||||0||HEIGHT||Y||||00","","","","N","","pending_official_source_search"
"620260603-5300-김제시가선거구-100160024-1-선거공보","제9회 전국동시지방선거","5300","전북특별자치도","nec_region_scope","620260603","구·시·군의회의원선거","6","6530901","김제시가선거구","유진우","100160024","무소속","9999","5","농업","서해대학 경찰경호과 졸업","1","선거공보","선거공보","candidate-doc:100160024:1","false","","false","","","","current_unavailable_official_source","선거공보||||||0||HEIGHT||Y||||00","","","","N","","pending_official_source_search"
"620260603-5300-김제시나선거구-100154854-1-선거공보","제9회 전국동시지방선거","5300","전북특별자치도","nec_region_scope","620260603","구·시·군의회의원선거","6","6530902","김제시나선거구","최보선","100154854","더불어민주당","100","1","무직","전북대학교 사회학과 졸업","1","선거공보","선거공보","candidate-doc:100154854:1","false","","false","","","","current_unavailable_official_source","선거공보||||||0||HEIGHT||Y||||00","","","","N","","pending_official_source_search"
"620260603-5300-김제시나선거구-100156260-1-선거공보","제9회 전국동시지방선거","5300","전북특별자치도","nec_region_scope","620260603","구·시·군의회의원선거","6","6530902","김제시나선거구","오승경","100156260","더불어민주당","100","1","김제시의회의원","경희대학교 경영학사","1","선거공보","선거공보","candidate-doc:100156260:1","false","","false","","","","current_unavailable_official_source","선거공보||||||0||HEIGHT||Y||||00","","","","N","","pending_official_source_search"
"620260603-5300-김제시나선거구-100160387-1-선거공보","제9회 전국동시지방선거","5300","전북특별자치도","nec_region_scope","620260603","구·시·군의회의원선거","6","6530902","김제시나선거구","김영자","100160387","더불어민주당","100","1","정당인","전북대학교 행정대학원 행정학석사 졸업","1","선거공보","선거공보","candidate-doc:100160387:1","false","","false","","","","current_unavailable_official_source","선거공보||||||0||HEIGHT||Y||||00","","","","N","","pending_official_source_search"
"620260603-5300-김제시나선거구-100163659-1-선거공보","제9회 전국동시지방선거","5300","전북특별자치도","nec_region_scope","620260603","구·시·군의회의원선거","6","6530902","김제시나선거구","박성운","100163659","조국혁신당","5077","3","소상공인","한국방송통신대 농학과(3학년 재학중)","1","선거공보","선거공보","candidate-doc:100163659:1","false","","false","","","","current_unavailable_official_source","선거공보||||||0||HEIGHT||Y||||00","","","","N","","pending_official_source_search"
"620260603-5300-김제시나선거구-100165246-1-선거공보","제9회 전국동시지방선거","5300","전북특별자치도","nec_region_scope","620260603","구·시·군의회의원선거","6","6530902","김제시나선거구","조성원","100165246","무소속","9999","5","농업","한국체육대학교 교육대학원 특수체육교육학과 졸업","1","선거공보","선거공보","candidate-doc:100165246:1","false","","false","","","","current_unavailable_official_source","선거공보||||||0||HEIGHT||Y||||00","","","","N","","pending_official_source_search"
"620260603-5300-김제시다선거구-100155935-1-선거공보","제9회 전국동시지방선거","5300","전북특별자치도","nec_region_scope","620260603","구·시·군의회의원선거","6","6530903","김제시다선거구","장민우","100155935","더불어민주당","100","1","정당인","덕암고등학교 졸업","1","선거공보","선거공보","candidate-doc:100155935:1","false","","false","","","","current_unavailable_official_source","선거공보||||||0||HEIGHT||Y||||00","","","","N","","pending_official_source_search"
"620260603-5300-김제시다선거구-100155442-1-선거공보","제9회 전국동시지방선거","5300","전북특별자치도","nec_region_scope","620260603","구·시·군의회의원선거","6","6530903","김제시다선거구","오상민","100155442","더불어민주당","100","1","자영업","한국방송통신대학교 경영학과 졸업","1","선거공보","선거공보","candidate-doc:100155442:1","false","","false","","","","current_unavailable_official_source","선거공보||||||0||HEIGHT||Y||||00","","","","N","","pending_official_source_search"
"620260603-5300-김제시다선거구-100154866-1-선거공보","제9회 전국동시지방선거","5300","전북특별자치도","nec_region_scope","620260603","구·시·군의회의원선거","6","6530903","김제시다선거구","김민완","100154866","더불어민주당","100","1","서교공인중개사대표","전북대학교 농과대학 임학과 졸업","1","선거공보","선거공보","candidate-doc:100154866:1","false","","false","","","","current_unavailable_official_source","선거공보||||||0||HEIGHT||Y||||00","","","","N","","pending_official_source_search"
"620260603-5300-김제시라선거구-100154872-1-선거공보","제9회 전국동시지방선거","5300","전북특별자치도","nec_region_scope","620260603","구·시·군의회의원선거","6","6530904","김제시라선거구","김진수","100154872","더불어민주당","100","1","행정사 김진수사무소 대표","원광대학교 사회과학대학 행정학과 졸업","1","선거공보","선거공보","candidate-doc:100154872:1","false","","false","","","","current_unavailable_official_source","선거공보||||||0||HEIGHT||Y||||00","","","","N","","pending_official_source_search"
"620260603-5300-김제시라선거구-100157339-1-선거공보","제9회 전국동시지방선거","5300","전북특별자치도","nec_region_scope","620260603","구·시·군의회의원선거","6","6530904","김제시라선거구","김승일","100157339","더불어민주당","100","1","김제시의회의원","전북대학교 대학원 행정학과 박사과정 재학","1","선거공보","선거공보","candidate-doc:100157339:1","false","","false","","","","current_unavailable_official_source","선거공보||||||0||HEIGHT||Y||||00","","","","N","","pending_official_source_search"
"620260603-5300-김제시라선거구-100157002-1-선거공보","제9회 전국동시지방선거","5300","전북특별자치도","nec_region_scope","620260603","구·시·군의회의원선거","6","6530904","김제시라선거구","문순자","100157002","더불어민주당","100","1","김제시의회의원","원광대학교 경영대학 경영학부(경영학사) 졸업","1","선거공보","선거공보","candidate-doc:100157002:1","false","","false","","","","current_unavailable_official_source","선거공보||||||0||HEIGHT||Y||||00","","","","N","","pending_official_source_search"
"620260603-5300-김제시라선거구-100162295-1-선거공보","제9회 전국동시지방선거","5300","전북특별자치도","nec_region_scope","620260603","구·시·군의회의원선거","6","6530904","김제시라선거구","최훈","100162295","무소속","9999","5","자영업","벽성대학 사무자동화과(사무전산전문학사) 졸업","1","선거공보","선거공보","candidate-doc:100162295:1","false","","false","","","","current_unavailable_official_source","선거공보||||||0||HEIGHT||Y||||00","","","","N","","pending_official_source_search"
"620260603-5300-완주군나선거구-100159635-1-선거공보","제9회 전국동시지방선거","5300","전북특별자치도","nec_region_scope","620260603","구·시·군의회의원선거","6","6531002","완주군나선거구","최광호","100159635","더불어민주당","100","1","완주군의회 군의원","전북대학교 스포츠과학과 졸업","1","선거공보","선거공보","candidate-doc:100159635:1","false","","false","","","","current_unavailable_official_source","선거공보||||||0||HEIGHT||Y||||00","","","","N","","pending_official_source_search"
"620260603-5300-완주군나선거구-100159533-1-선거공보","제9회 전국동시지방선거","5300","전북특별자치도","nec_region_scope","620260603","구·시·군의회의원선거","6","6531002","완주군나선거구","성중기","100159533","더불어민주당","100","1","완주군의원","전북대학교 법과대학 공법학과 졸업","1","선거공보","선거공보","candidate-doc:100159533:1","false","","false","","","","current_unavailable_official_source","선거공보||||||0||HEIGHT||Y||||00","","","","N","","pending_official_source_search"
"620260603-5300-완주군나선거구-100163602-1-선거공보","제9회 전국동시지방선거","5300","전북특별자치도","nec_region_scope","620260603","구·시·군의회의원선거","6","6531002","완주군나선거구","권오석","100163602","무소속","9999","5","자영업","우석대학교 소방방재학과 휴학","1","선거공보","선거공보","candidate-doc:100163602:1","false","","false","","","","current_unavailable_official_source","선거공보||||||0||HEIGHT||Y||||00","","","","N","","pending_official_source_search"
"620260603-5300-장수군가선거구-100159451-1-선거공보","제9회 전국동시지방선거","5300","전북특별자치도","nec_region_scope","620260603","구·시·군의회의원선거","6","6531301","장수군가선거구","김광훈","100159451","더불어민주당","100","1","장수군의회의원","전북대학교 행정대학원 지방자치학과 졸업(정치학석사)","1","선거공보","선거공보","candidate-doc:100159451:1","false","","false","","","","current_unavailable_official_source","선거공보||||||0||HEIGHT||Y||||00","","","","N","","pending_official_source_search"
"620260603-5300-장수군가선거구-100159734-1-선거공보","제9회 전국동시지방선거","5300","전북특별자치도","nec_region_scope","620260603","구·시·군의회의원선거","6","6531301","장수군가선거구","정상득","100159734","더불어민주당","100","1","농업","전북대학교 농과대학 축산학과 졸업","1","선거공보","선거공보","candidate-doc:100159734:1","false","","false","","","","current_unavailable_official_source","선거공보||||||0||HEIGHT||Y||||00","","","","N","","pending_official_source_search"
"620260603-5300-장수군가선거구-100160326-1-선거공보","제9회 전국동시지방선거","5300","전북특별자치도","nec_region_scope","620260603","구·시·군의회의원선거","6","6531301","장수군가선거구","임정권","100160326","더불어민주당","100","1","농업인","한경대학교(현,한경국립대학교) 생명공학과 졸업","1","선거공보","선거공보","candidate-doc:100160326:1","false","","false","","","","current_unavailable_official_source","선거공보||||||0||HEIGHT||Y||||00","","","","N","","pending_official_source_search"
"620260603-5300-장수군가선거구-100159763-1-선거공보","제9회 전국동시지방선거","5300","전북특별자치도","nec_region_scope","620260603","구·시·군의회의원선거","6","6531301","장수군가선거구","장종태","100159763","무소속","9999","5","농업인","아주대학교 경영대학원 경영학과 졸업(경영학 석사)","1","선거공보","선거공보","candidate-doc:100159763:1","false","","false","","","","current_unavailable_official_source","선거공보||||||0||HEIGHT||Y||||00","","","","N","","pending_official_source_search"
"620260603-5300-장수군나선거구-100160162-1-선거공보","제9회 전국동시지방선거","5300","전북특별자치도","nec_region_scope","620260603","구·시·군의회의원선거","6","6531302","장수군나선거구","문재표","100160162","더불어민주당","100","1","정당인","전주비전대학교 사회복지경영과 졸업","1","선거공보","선거공보","candidate-doc:100160162:1","false","","false","","","","current_unavailable_official_source","선거공보||||||0||HEIGHT||Y||||00","","","","N","","pending_official_source_search"
"620260603-5300-장수군나선거구-100159880-1-선거공보","제9회 전국동시지방선거","5300","전북특별자치도","nec_region_scope","620260603","구·시·군의회의원선거","6","6531302","장수군나선거구","채수권","100159880","더불어민주당","100","1","농.축산업","벽성대학 토목환경과 졸업","1","선거공보","선거공보","candidate-doc:100159880:1","false","","false","","","","current_unavailable_official_source","선거공보||||||0||HEIGHT||Y||||00","","","","N","","pending_official_source_search"
"620260603-5300-장수군나선거구-100159674-1-선거공보","제9회 전국동시지방선거","5300","전북특별자치도","nec_region_scope","620260603","구·시·군의회의원선거","6","6531302","장수군나선거구","김남수","100159674","더불어민주당","100","1","농업","군장대학(현, 군장대학교) 산업경영계열 품질관리전공 졸업","1","선거공보","선거공보","candidate-doc:100159674:1","false","","false","","","","current_unavailable_official_source","선거공보||||||0||HEIGHT||Y||||00","","","","N","","pending_official_source_search"
"620260603-5300-장수군나선거구-100160483-1-선거공보","제9회 전국동시지방선거","5300","전북특별자치도","nec_region_scope","620260603","구·시·군의회의원선거","6","6531302","장수군나선거구","임재성","100160483","무소속","9999","5","자영업","전주상업고등학교 (현, 전주제일고등학교) 졸업","1","선거공보","선거공보","candidate-doc:100160483:1","false","","false","","","","current_unavailable_official_source","선거공보||||||0||HEIGHT||Y||||00","","","","N","","pending_official_source_search"
"620260603-5300-장수군나선거구-100163843-1-선거공보","제9회 전국동시지방선거","5300","전북특별자치도","nec_region_scope","620260603","구·시·군의회의원선거","6","6531302","장수군나선거구","곽한옥","100163843","무소속","9999","6","자영업","장계공업고등학교(현, 전북유니텍고등학교) 졸업","1","선거공보","선거공보","candidate-doc:100163843:1","false","","false","","","","current_unavailable_official_source","선거공보||||||0||HEIGHT||Y||||00","","","","N","","pending_official_source_search"
"620260603-5300-부안군나선거구-100159668-1-선거공보","제9회 전국동시지방선거","5300","전북특별자치도","nec_region_scope","620260603","구·시·군의회의원선거","6","6531702","부안군나선거구","김원진","100159668","더불어민주당","100","1","정당인","호원대학교 경영학부 졸업","1","선거공보","선거공보","candidate-doc:100159668:1","false","","false","","","","current_unavailable_official_source","선거공보||||||0||HEIGHT||Y||||00","","","","N","","pending_official_source_search"
"620260603-5300-부안군나선거구-100159735-1-선거공보","제9회 전국동시지방선거","5300","전북특별자치도","nec_region_scope","620260603","구·시·군의회의원선거","6","6531702","부안군나선거구","오장환","100159735","더불어민주당","100","1","농업인","전북과학대학교 복지계열 2학년 제적(2014.03~2015.09)","1","선거공보","선거공보","candidate-doc:100159735:1","false","","false","","","","current_unavailable_official_source","선거공보||||||0||HEIGHT||Y||||00","","","","N","","pending_official_source_search"
"620260603-5300-부안군라선거구-100160008-1-선거공보","제9회 전국동시지방선거","5300","전북특별자치도","nec_region_scope","620260603","구·시·군의회의원선거","6","6531704","부안군라선거구","김형관","100160008","무소속","9999","5","농업","고려사이버대학교 한국어 · 다문화학부 졸업","1","선거공보","선거공보","candidate-doc:100160008:1","false","","false","","","","current_unavailable_official_source","선거공보||||||0||HEIGHT||Y||||00","","","","N","","pending_official_source_search"
"820260603-5300-전북특별자치도-진보당-1-0","제9회 전국동시지방선거","5300","전북특별자치도","sggname_exact_province","820260603","광역의원비례대표선거","8","","전북특별자치도","","","진보당","5010","","","","1","비례대표 정당 제출자료","0","party-doc:820260603:전북특별자치도:진보당:1","false","","false","","","","current_unavailable_official_source","0||","","","선거공보","N","Y","pending_official_source_search"
"820260603-5300-전북특별자치도-자유와혁신-1-0","제9회 전국동시지방선거","5300","전북특별자치도","sggname_exact_province","820260603","광역의원비례대표선거","8","","전북특별자치도","","","자유와혁신","5082","","","","1","비례대표 정당 제출자료","0","party-doc:820260603:전북특별자치도:자유와혁신:1","false","","false","","","","current_unavailable_official_source","0||","","","선거공보","N","Y","pending_official_source_search"
"920260603-5300-부안군-더불어민주당-1-0","제9회 전국동시지방선거","5300","전북특별자치도","nec_region_scope_for_basic_proportional","920260603","기초의원비례대표선거","9","","부안군","","","더불어민주당","100","","","","1","비례대표 정당 제출자료","0","party-doc:920260603:부안군:더불어민주당:1","false","","false","","","","current_unavailable_official_source","0||","","","선거공보","N","Y","pending_official_source_search"
"920260603-5300-진안군-더불어민주당-1-0","제9회 전국동시지방선거","5300","전북특별자치도","nec_region_scope_for_basic_proportional","920260603","기초의원비례대표선거","9","","진안군","","","더불어민주당","100","","","","1","비례대표 정당 제출자료","0","party-doc:920260603:진안군:더불어민주당:1","false","","false","","","","current_unavailable_official_source","0||","","","선거공보","N","Y","pending_official_source_search"
"920260603-5300-전주시-더불어민주당-1-0","제9회 전국동시지방선거","5300","전북특별자치도","nec_region_scope_for_basic_proportional","920260603","기초의원비례대표선거","9","","전주시","","","더불어민주당","100","","","","1","비례대표 정당 제출자료","0","party-doc:920260603:전주시:더불어민주당:1","false","","false","","","","current_unavailable_official_source","0||","","","선거공보","N","Y","pending_official_source_search"
"920260603-5300-정읍시-더불어민주당-1-0","제9회 전국동시지방선거","5300","전북특별자치도","nec_region_scope_for_basic_proportional","920260603","기초의원비례대표선거","9","","정읍시","","","더불어민주당","100","","","","1","비례대표 정당 제출자료","0","party-doc:920260603:정읍시:더불어민주당:1","false","","false","","","","current_unavailable_official_source","0||","","","선거공보","N","Y","pending_official_source_search"
"920260603-5300-김제시-더불어민주당-1-0","제9회 전국동시지방선거","5300","전북특별자치도","nec_region_scope_for_basic_proportional","920260603","기초의원비례대표선거","9","","김제시","","","더불어민주당","100","","","","1","비례대표 정당 제출자료","0","party-doc:920260603:김제시:더불어민주당:1","false","","false","","","","current_unavailable_official_source","0||","","","선거공보","N","Y","pending_official_source_search"
"920260603-5300-무주군-더불어민주당-1-0","제9회 전국동시지방선거","5300","전북특별자치도","nec_region_scope_for_basic_proportional","920260603","기초의원비례대표선거","9","","무주군","","","더불어민주당","100","","","","1","비례대표 정당 제출자료","0","party-doc:920260603:무주군:더불어민주당:1","false","","false","","","","current_unavailable_official_source","0||","","","선거공보","N","Y","pending_official_source_search"
"920260603-5300-장수군-더불어민주당-1-0","제9회 전국동시지방선거","5300","전북특별자치도","nec_region_scope_for_basic_proportional","920260603","기초의원비례대표선거","9","","장수군","","","더불어민주당","100","","","","1","비례대표 정당 제출자료","0","party-doc:920260603:장수군:더불어민주당:1","false","","false","","","","current_unavailable_official_source","0||","","","선거공보","N","Y","pending_official_source_search"
"920260603-5300-순창군-더불어민주당-1-0","제9회 전국동시지방선거","5300","전북특별자치도","nec_region_scope_for_basic_proportional","920260603","기초의원비례대표선거","9","","순창군","","","더불어민주당","100","","","","1","비례대표 정당 제출자료","0","party-doc:920260603:순창군:더불어민주당:1","false","","false","","","","current_unavailable_official_source","0||","","","선거공보","N","Y","pending_official_source_search"
"920260603-5300-전주시-국민의힘-1-0","제9회 전국동시지방선거","5300","전북특별자치도","nec_region_scope_for_basic_proportional","920260603","기초의원비례대표선거","9","","전주시","","","국민의힘","200","","","","1","비례대표 정당 제출자료","0","party-doc:920260603:전주시:국민의힘:1","false","","false","","","","current_unavailable_official_source","0||","","","선거공보","N","Y","pending_official_source_search"
"920260603-5300-전주시-조국혁신당-1-0","제9회 전국동시지방선거","5300","전북특별자치도","nec_region_scope_for_basic_proportional","920260603","기초의원비례대표선거","9","","전주시","","","조국혁신당","5077","","","","1","비례대표 정당 제출자료","0","party-doc:920260603:전주시:조국혁신당:1","false","","false","","","","current_unavailable_official_source","0||","","","선거공보","N","Y","pending_official_source_search"
"920260603-5300-장수군-조국혁신당-1-0","제9회 전국동시지방선거","5300","전북특별자치도","nec_region_scope_for_basic_proportional","920260603","기초의원비례대표선거","9","","장수군","","","조국혁신당","5077","","","","1","비례대표 정당 제출자료","0","party-doc:920260603:장수군:조국혁신당:1","false","","false","","","","current_unavailable_official_source","0||","","","선거공보","N","Y","pending_official_source_search"
"920260603-5300-정읍시-조국혁신당-1-0","제9회 전국동시지방선거","5300","전북특별자치도","nec_region_scope_for_basic_proportional","920260603","기초의원비례대표선거","9","","정읍시","","","조국혁신당","5077","","","","1","비례대표 정당 제출자료","0","party-doc:920260603:정읍시:조국혁신당:1","false","","false","","","","current_unavailable_official_source","0||","","","선거공보","N","Y","pending_official_source_search"
"920260603-5300-전주시-진보당-1-0","제9회 전국동시지방선거","5300","전북특별자치도","nec_region_scope_for_basic_proportional","920260603","기초의원비례대표선거","9","","전주시","","","진보당","5010","","","","1","비례대표 정당 제출자료","0","party-doc:920260603:전주시:진보당:1","false","","false","","","","current_unavailable_official_source","0||","","","선거공보","N","Y","pending_official_source_search"
"920260603-5300-전주시-노동당-1-0","제9회 전국동시지방선거","5300","전북특별자치도","nec_region_scope_for_basic_proportional","920260603","기초의원비례대표선거","9","","전주시","","","노동당","1988","","","","1","비례대표 정당 제출자료","0","party-doc:920260603:전주시:노동당:1","false","","false","","","","current_unavailable_official_source","0||","","","선거공보","N","Y","pending_official_source_search"
"1120260603-5300-전북특별자치도-100153763-2-선거공약서","제9회 전국동시지방선거","5300","전북특별자치도","sggname_exact_province","1120260603","교육감선거","11","11530000","전북특별자치도","이남호","100153763","무소속","9999","1","전북대학교 명예교수","서울대학교 대학원 박사 졸업(임산공학)","2","선거공약서","선거공약서","candidate-doc:100153763:2","false","","false","","","","current_unavailable_official_source","선거공약서||||||0||HEIGHT||Y||||00","","","","Y","","pending_official_source_search"
"1120260603-5300-전북특별자치도-100153762-2-선거공약서","제9회 전국동시지방선거","5300","전북특별자치도","sggname_exact_province","1120260603","교육감선거","11","11530000","전북특별자치도","천호성","100153762","무소속","9999","2","전주교육대학교 교수","나고야대학 대학원졸업 교육학 박사(2002.4.1.~2005.3.31.)","2","선거공약서","선거공약서","candidate-doc:100153762:2","false","","false","","","","current_unavailable_official_source","선거공약서||||||0||HEIGHT||Y||||00","","","","Y","","pending_official_source_search"
